"Date","Price","Open","High","Low","Vol.","Change %"
"01/02/2019","25,639.0","26,327.8","26,327.8","25,600.7","1.01M","-2.62%"
"01/03/2019","24,491.0","25,639.0","25,868.6","24,491.0","1.39M","-4.48%"
"01/04/2019","24,146.6","24,108.3","24,452.7","23,572.6","1.83M","-1.41%"
"01/07/2019","24,720.6","24,491.0","25,256.3","24,491.0","1.01M","2.38%"
"01/08/2019","24,491.0","24,950.2","24,950.2","24,414.4","702.48K","-0.93%"
"01/09/2019","25,256.3","24,720.6","25,294.6","24,567.5","1.35M","3.12%"
"01/10/2019","24,873.7","25,256.3","25,332.9","24,873.7","516.52K","-1.51%"
"01/11/2019","24,414.4","24,873.7","25,103.3","24,376.2","1.18M","-1.85%"
"01/14/2019","24,414.4","24,414.4","24,758.9","24,070.0","950.72K","0.00%"
"01/15/2019","24,873.7","24,299.6","25,103.3","24,299.6","730.36K","1.88%"
"01/16/2019","24,644.1","25,026.7","25,065.0","24,644.1","457.40K","-0.92%"
"01/17/2019","24,452.7","24,644.1","24,797.1","24,414.4","374.24K","-0.78%"
"01/18/2019","24,261.4","24,452.7","24,720.6","24,223.1","640.35K","-0.78%"
"01/21/2019","25,141.5","24,491.0","25,524.2","24,261.4","1.52M","3.63%"
"01/22/2019","25,065.0","25,179.8","25,332.9","25,026.7","709.27K","-0.30%"
"01/23/2019","25,026.7","24,797.1","25,141.5","24,567.5","575.72K","-0.15%"
"01/24/2019","24,873.7","24,911.9","25,141.5","24,873.7","728.89K","-0.61%"
"01/25/2019","24,529.3","25,026.7","25,026.7","24,491.0","718.12K","-1.38%"
"01/28/2019","24,414.4","24,529.3","24,758.9","24,337.9","685.69K","-0.47%"
"01/29/2019","24,261.4","24,414.4","24,414.4","24,146.6","799.76K","-0.63%"
"01/30/2019","24,261.4","24,414.4","24,682.3","24,184.8","540.07K","0.00%"
"01/31/2019","24,108.3","24,644.1","24,644.1","24,108.3","852.88K","-0.63%"
"02/01/2019","24,184.8","24,070.0","24,376.2","24,031.8","675.45K","0.32%"
"02/11/2019","24,452.7","24,567.5","24,682.3","24,337.9","794.50K","1.11%"
"02/12/2019","24,835.4","24,529.3","25,026.7","24,529.3","1.76M","1.57%"
"02/13/2019","24,873.7","24,911.9","24,950.2","24,682.3","1.96M","0.15%"
"02/14/2019","24,797.1","24,873.7","24,911.9","24,758.9","1.28M","-0.31%"
"02/15/2019","25,371.1","24,758.9","25,868.6","24,567.5","2.04M","2.31%"
"02/18/2019","25,639.0","25,639.0","25,792.1","25,409.4","1.20M","1.06%"
"02/19/2019","25,179.8","25,639.0","25,830.3","25,179.8","1.44M","-1.79%"
"02/20/2019","26,021.7","25,103.3","26,710.5","24,988.5","2.97M","3.34%"
"02/21/2019","26,213.0","26,213.0","26,519.1","26,021.7","2.71M","0.74%"
"02/22/2019","26,021.7","26,174.7","26,557.4","26,021.7","1.84M","-0.73%"
"02/25/2019","26,021.7","26,404.3","26,404.3","25,792.1","2.12M","0.00%"
"02/26/2019","25,715.5","25,792.1","26,021.7","25,639.0","1.77M","-1.18%"
"02/27/2019","25,715.5","25,715.5","25,983.4","25,639.0","942.09K","0.00%"
"02/28/2019","24,873.7","25,715.5","25,830.3","24,873.7","2.26M","-3.27%"
"03/01/2019","25,141.5","24,950.2","25,332.9","24,950.2","1.45M","1.08%"
"03/04/2019","25,715.5","25,332.9","25,830.3","25,256.3","1.15M","2.28%"
"03/05/2019","26,480.9","25,409.4","27,016.6","25,409.4","5.30M","2.98%"
"03/06/2019","26,595.7","26,480.9","26,710.5","26,327.8","2.01M","0.43%"
"03/07/2019","26,710.5","26,787.0","26,978.3","26,557.4","2.14M","0.43%"
"03/08/2019","26,021.7","26,366.1","26,557.4","25,945.1","2.28M","-2.58%"
"03/11/2019","25,753.8","26,098.2","26,098.2","25,600.7","1.43M","-1.03%"
"03/12/2019","27,169.7","26,098.2","27,169.7","25,868.6","2.13M","5.50%"
"03/13/2019","27,246.2","27,016.6","27,514.1","26,940.1","3.60M","0.28%"
"03/14/2019","27,705.4","27,246.2","28,088.1","26,940.1","3.33M","1.69%"
"03/15/2019","28,470.8","27,705.4","28,700.4","27,475.8","4.00M","2.76%"
"03/18/2019","28,547.3","28,470.8","28,776.9","28,241.2","3.68M","0.27%"
"03/19/2019","28,011.6","28,432.5","28,547.3","27,935.0","3.55M","-1.88%"
"03/20/2019","27,628.9","27,667.2","27,935.0","27,169.7","3.40M","-1.37%"
"03/21/2019","26,633.9","27,743.7","28,049.8","26,633.9","2.82M","-3.60%"
"03/22/2019","26,863.5","27,093.2","27,322.8","26,633.9","2.36M","0.86%"
"03/25/2019","26,404.3","26,098.2","26,787.0","25,639.0","2.63M","-1.71%"
"03/26/2019","26,251.3","26,710.5","26,863.5","26,174.7","1.31M","-0.58%"
"03/27/2019","26,710.5","26,672.2","26,863.5","26,251.3","1.56M","1.75%"
"03/28/2019","27,246.2","26,366.1","27,437.6","26,366.1","2.76M","2.01%"
"03/29/2019","27,399.3","27,246.2","27,552.4","27,246.2","2.08M","0.56%"
"04/01/2019","27,169.7","27,399.3","27,782.0","27,016.6","1.14M","-0.84%"
"04/02/2019","26,633.9","27,552.4","27,552.4","26,633.9","1.83M","-1.97%"
"04/03/2019","27,322.8","26,633.9","27,628.9","26,366.1","2.38M","2.59%"
"04/04/2019","27,016.6","27,552.4","27,552.4","26,901.8","1.33M","-1.12%"
"04/05/2019","26,825.3","27,016.6","27,322.8","26,633.9","927.74K","-0.71%"
"04/08/2019","27,169.7","26,633.9","27,208.0","26,633.9","1.31M","1.28%"
"04/09/2019","27,361.0","27,169.7","27,705.4","27,169.7","2.62M","0.70%"
"04/10/2019","26,940.1","27,361.0","27,399.3","26,940.1","657.17K","-1.54%"
"04/11/2019","26,901.8","27,016.6","27,169.7","26,748.7","809.91K","-0.14%"
"04/12/2019","26,595.7","26,863.5","26,940.1","26,557.4","1.12M","-1.14%"
"04/16/2019","27,169.7","26,480.9","27,246.2","26,174.7","1.77M","2.16%"
"04/17/2019","26,633.9","27,169.7","27,169.7","26,633.9","1.07M","-1.97%"
"04/18/2019","26,633.9","26,633.9","27,093.2","26,519.1","1.28M","0.00%"
"04/19/2019","26,672.2","26,633.9","26,940.1","26,557.4","369.60K","0.14%"
"04/22/2019","26,174.7","26,672.2","26,672.2","25,983.4","864.62K","-1.87%"
"04/23/2019","26,174.7","26,480.9","26,480.9","25,983.4","1.26M","0.00%"
"04/24/2019","26,480.9","26,404.3","26,633.9","26,251.3","676.77K","1.17%"
"04/25/2019","26,404.3","26,480.9","26,787.0","26,404.3","584.35K","-0.29%"
"04/26/2019","26,633.9","26,404.3","26,710.5","26,404.3","608.98K","0.87%"
"05/02/2019","26,404.3","26,787.0","26,787.0","26,404.3","608.05K","-0.86%"
"05/03/2019","26,174.7","26,404.3","26,633.9","26,174.7","698.44K","-0.87%"
"05/06/2019","25,332.9","25,753.8","25,945.1","25,256.3","1.53M","-3.22%"
"05/07/2019","25,332.9","25,485.9","25,945.1","25,179.8","1.19M","0.00%"
"05/08/2019","24,758.9","25,026.7","25,256.3","24,758.9","1.42M","-2.27%"
"05/09/2019","23,802.2","24,988.5","25,103.3","23,725.6","2.44M","-3.86%"
"05/10/2019","24,491.0","24,108.3","24,644.1","24,031.8","1.38M","2.89%"
"05/13/2019","25,026.7","24,491.0","25,103.3","24,491.0","979.04K","2.19%"
"05/14/2019","24,797.1","24,835.4","24,950.2","24,491.0","1.37M","-0.92%"
"05/15/2019","25,179.8","24,950.2","25,332.9","24,720.6","1.84M","1.54%"
"05/16/2019","24,950.2","25,218.1","25,256.3","24,835.4","976.23K","-0.91%"
"05/17/2019","24,605.8","25,026.7","25,026.7","24,491.0","1.18M","-1.38%"
"05/20/2019","25,026.7","24,567.5","25,179.8","24,567.5","1.21M","1.71%"
"05/21/2019","25,294.6","25,026.7","25,447.7","24,950.2","2.16M","1.07%"
"05/22/2019","25,409.4","25,294.6","25,715.5","25,294.6","1.59M","0.45%"
"05/23/2019","25,562.5","25,256.3","25,562.5","24,950.2","1.00M","0.60%"
"05/24/2019","24,873.7","25,332.9","25,447.7","24,873.7","1.90M","-2.69%"
"05/27/2019","24,950.2","24,873.7","25,026.7","24,797.1","661.59K","0.31%"
"05/28/2019","24,720.6","24,873.7","25,103.3","24,605.8","1.11M","-0.92%"
"05/29/2019","24,491.0","24,720.6","24,835.4","24,452.7","1.13M","-0.93%"
"05/30/2019","24,337.9","24,644.1","24,720.6","24,337.9","844.96K","-0.63%"
"05/31/2019","24,108.3","24,223.1","24,414.4","24,070.0","1.15M","-0.94%"
"06/03/2019","23,419.5","24,031.8","24,108.3","23,419.5","1.63M","-2.86%"
"06/04/2019","24,491.0","23,419.5","24,491.0","23,381.2","1.09M","4.58%"
"06/05/2019","24,031.8","24,491.0","24,644.1","24,031.8","607.13K","-1.87%"
"06/06/2019","23,955.2","24,031.8","24,261.4","23,649.1","414.54K","-0.32%"
"06/07/2019","24,261.4","23,955.2","24,261.4","23,955.2","577.67K","1.28%"
"06/10/2019","24,261.4","24,337.9","24,567.5","24,261.4","593.04K","0.00%"
"06/11/2019","24,414.4","24,337.9","24,491.0","24,184.8","734.99K","0.63%"
"06/12/2019","24,108.3","24,261.4","24,414.4","24,070.0","441.84K","-1.25%"
"06/13/2019","24,108.3","24,031.8","24,299.6","24,031.8","363.65K","0.00%"
"06/14/2019","24,605.8","24,261.4","24,682.3","24,108.3","2.00M","2.06%"
"06/17/2019","24,567.5","24,644.1","24,911.9","24,452.7","872.48K","-0.16%"
"06/18/2019","24,491.0","24,414.4","24,567.5","24,261.4","344.21K","-0.31%"
"06/19/2019","24,491.0","24,797.1","24,797.1","24,452.7","580.83K","0.00%"
"06/20/2019","24,988.5","24,491.0","25,026.7","24,414.4","1.44M","2.03%"
"06/21/2019","24,873.7","25,026.7","25,218.1","24,835.4","630.94K","-0.46%"
"06/24/2019","24,950.2","24,988.5","25,256.3","24,797.1","943.43K","0.31%"
"06/25/2019","24,567.5","24,950.2","25,026.7","24,567.5","923.72K","-1.53%"
"06/26/2019","24,873.7","24,491.0","24,911.9","24,414.4","1.32M","1.25%"
"06/27/2019","24,491.0","24,835.4","24,835.4","24,491.0","836.14K","-1.54%"
"06/28/2019","24,261.4","24,491.0","24,644.1","24,031.8","821.52K","-0.94%"
"07/01/2019","24,758.9","24,644.1","24,873.7","24,567.5","692.29K","2.05%"
"07/02/2019","24,529.3","24,567.5","24,797.1","24,529.3","571.93K","-0.93%"
"07/03/2019","24,567.5","24,491.0","24,797.1","24,491.0","515.51K","0.16%"
"07/04/2019","25,103.3","24,797.1","25,141.5","24,644.1","1.44M","2.18%"
"07/05/2019","25,103.3","24,988.5","25,409.4","24,950.2","1.52M","0.00%"
"07/08/2019","24,911.9","25,179.8","25,179.8","24,797.1","709.57K","-0.76%"
"07/09/2019","24,950.2","24,797.1","25,026.7","24,797.1","507.71K","0.15%"
"07/10/2019","24,797.1","24,950.2","25,141.5","24,797.1","879.25K","-0.61%"
"07/11/2019","25,600.7","24,950.2","25,639.0","24,797.1","3.10M","3.24%"
"07/12/2019","25,562.5","25,639.0","25,868.6","25,485.9","1.78M","-0.15%"
"07/15/2019","25,485.9","25,485.9","25,639.0","25,447.7","1.15M","-0.30%"
"07/16/2019","26,442.6","25,600.7","26,442.6","25,600.7","4.14M","3.75%"
"07/17/2019","26,442.6","26,404.3","26,710.5","26,213.0","1.95M","0.00%"
"07/18/2019","26,557.4","26,366.1","26,557.4","26,174.7","1.81M","0.43%"
"07/19/2019","26,710.5","26,787.0","27,093.2","26,557.4","2.15M","0.58%"
"07/22/2019","27,361.0","26,940.1","27,514.1","26,787.0","3.60M","2.44%"
"07/23/2019","26,978.3","27,361.0","27,361.0","26,557.4","2.68M","-1.40%"
"07/24/2019","26,366.1","27,093.2","27,093.2","26,174.7","2.37M","-2.27%"
"07/25/2019","26,940.1","26,251.3","26,940.1","26,251.3","1.66M","2.18%"
"07/26/2019","27,399.3","26,787.0","27,475.8","26,787.0","2.75M","1.70%"
"07/29/2019","27,399.3","27,322.8","27,399.3","27,016.6","1.70M","0.00%"
"07/30/2019","26,787.0","27,246.2","27,246.2","26,748.7","2.04M","-2.23%"
"07/31/2019","27,169.7","26,787.0","27,169.7","26,557.4","1.17M","1.43%"
"08/01/2019","27,131.4","27,169.7","27,169.7","26,825.3","936.57K","-0.14%"
"08/02/2019","27,399.3","26,787.0","27,552.4","26,710.5","2.29M","0.99%"
"08/05/2019","27,399.3","27,169.7","27,399.3","27,131.4","2.48M","0.00%"
"08/06/2019","26,940.1","26,404.3","27,284.5","26,404.3","1.55M","-1.68%"
"08/07/2019","26,557.4","27,054.9","27,169.7","26,557.4","1.36M","-1.42%"
"08/08/2019","26,557.4","26,557.4","26,901.8","26,519.1","1.14M","0.00%"
"08/09/2019","26,557.4","26,787.0","26,787.0","26,174.7","1.26M","0.00%"
"08/12/2019","27,054.9","26,672.2","27,093.2","26,059.9","1.73M","1.87%"
"08/13/2019","26,710.5","26,825.3","27,093.2","26,595.7","1.03M","-1.27%"
"08/14/2019","26,863.5","27,016.6","27,093.2","26,595.7","654.82K","0.57%"
"08/15/2019","26,863.5","26,404.3","26,863.5","26,404.3","693.16K","0.00%"
"08/16/2019","27,552.4","26,787.0","28,088.1","26,710.5","4.07M","2.56%"
"08/19/2019","28,088.1","27,935.0","28,317.7","27,782.0","1.42M","1.94%"
"08/20/2019","28,164.6","28,279.4","28,279.4","27,973.3","1.01M","0.27%"
"08/21/2019","28,968.2","27,935.0","29,274.4","27,935.0","3.38M","2.85%"
"08/22/2019","28,776.9","29,083.0","29,159.6","28,700.4","2.04M","-0.66%"
"08/23/2019","28,738.6","28,930.0","28,930.0","28,432.5","1.23M","-0.13%"
"08/26/2019","28,968.2","28,241.2","28,968.2","28,011.6","2.27M","0.80%"
"08/27/2019","28,700.4","29,312.6","29,389.2","28,700.4","1.47M","-0.92%"
"08/28/2019","28,776.9","28,700.4","29,083.0","28,623.8","1.17M","0.27%"
"08/29/2019","29,006.5","28,776.9","29,006.5","28,585.6","1.67M","0.80%"
"08/30/2019","29,657.1","29,236.1","29,695.3","29,044.8","2.75M","2.24%"
"09/03/2019","29,618.8","29,695.3","29,924.9","29,580.5","1.04M","-0.13%"
"09/04/2019","29,542.2","29,618.8","29,695.3","29,083.0","1.16M","-0.26%"
"09/05/2019","29,465.7","29,695.3","29,886.7","29,465.7","1.18M","-0.26%"
"09/06/2019","29,083.0","29,465.7","29,465.7","28,738.6","1.92M","-1.30%"
"09/09/2019","29,159.6","29,083.0","29,159.6","28,891.7","1.01M","0.26%"
"09/10/2019","29,312.6","29,044.8","29,542.2","28,930.0","1.26M","0.52%"
"09/11/2019","29,236.1","29,083.0","29,389.2","29,044.8","653.09K","-0.26%"
"09/12/2019","29,580.5","29,350.9","29,657.1","29,083.0","2.22M","1.18%"
"09/13/2019","30,498.9","29,733.6","30,498.9","29,542.2","2.90M","3.10%"
"09/16/2019","30,613.7","30,498.9","31,226.0","30,460.7","1.57M","0.38%"
"09/17/2019","31,379.1","30,384.1","31,379.1","30,154.5","1.97M","2.50%"
"09/18/2019","31,493.9","31,302.5","31,570.4","31,034.7","2.05M","0.37%"
"09/19/2019","31,226.0","31,532.1","31,570.4","31,187.7","1.29M","-0.85%"
"09/20/2019","30,613.7","31,226.0","31,455.6","30,460.7","2.77M","-1.96%"
"09/23/2019","30,345.9","30,384.1","30,996.4","30,307.6","1.37M","-0.87%"
"09/24/2019","30,192.8","30,460.7","30,613.7","30,192.8","1.03M","-0.50%"
"09/25/2019","30,537.2","30,039.7","30,537.2","29,771.9","1.82M","1.14%"
"09/26/2019","30,728.5","30,537.2","31,149.5","30,537.2","1.12M","0.63%"
"09/27/2019","30,805.1","30,843.3","30,919.9","30,652.0","1.10M","0.25%"
"09/30/2019","30,154.5","30,766.8","31,111.2","30,154.5","1.80M","-2.11%"
"10/01/2019","30,613.7","30,154.5","30,613.7","30,154.5","1.08M","1.52%"
"10/02/2019","30,766.8","30,613.7","31,226.0","30,575.5","1.89M","0.50%"
"10/03/2019","31,570.4","30,460.7","31,570.4","30,422.4","2.44M","2.61%"
"10/04/2019","30,996.4","31,608.7","31,876.5","30,996.4","1.11M","-1.82%"
"10/07/2019","30,919.9","31,302.5","31,302.5","30,613.7","1.02M","-0.25%"
"10/08/2019","31,455.6","30,919.9","31,455.6","30,690.3","818.03K","1.73%"
"10/09/2019","31,570.4","31,455.6","31,991.3","31,226.0","1.78M","0.36%"
"10/10/2019","31,379.1","31,570.4","31,914.8","31,379.1","1.33M","-0.61%"
"10/11/2019","31,226.0","31,379.1","31,532.1","31,149.5","695.06K","-0.49%"
"10/14/2019","31,493.9","31,379.1","32,106.1","31,264.3","1.74M","0.86%"
"10/15/2019","31,685.2","31,379.1","31,800.0","31,379.1","794.63K","0.61%"
"10/16/2019","31,493.9","31,685.2","31,876.5","31,493.9","817.67K","-0.60%"
"10/17/2019","31,226.0","31,646.9","31,646.9","31,226.0","1.01M","-0.85%"
"10/18/2019","30,690.3","31,226.0","31,226.0","30,613.7","1.54M","-1.72%"
"10/21/2019","30,078.0","30,384.1","30,613.7","30,078.0","1.61M","-2.00%"
"10/22/2019","30,613.7","30,078.0","30,613.7","30,078.0","712.05K","1.78%"
"10/23/2019","30,690.3","30,613.7","30,843.3","30,498.9","573.21K","0.25%"
"10/24/2019","30,843.3","30,690.3","30,996.4","30,422.4","645.41K","0.50%"
"10/25/2019","30,766.8","30,613.7","31,034.7","30,460.7","1.22M","-0.25%"
"10/28/2019","31,072.9","31,455.6","31,532.1","31,072.9","1.01M","0.99%"
"10/29/2019","31,072.9","31,302.5","31,302.5","30,613.7","1.16M","0.00%"
"10/30/2019","30,766.8","30,996.4","31,226.0","30,728.5","956.37K","-0.99%"
"10/31/2019","31,072.9","30,766.8","31,149.5","30,652.0","978.09K","0.99%"
"11/01/2019","31,379.1","30,996.4","31,455.6","30,843.3","1.48M","0.99%"
"11/04/2019","32,297.5","31,455.6","32,488.8","31,455.6","2.19M","2.93%"
"11/05/2019","32,527.1","32,374.0","32,527.1","32,259.2","1.13M","0.71%"
"11/06/2019","32,297.5","32,412.3","32,680.2","32,297.5","1.03M","-0.71%"
"11/07/2019","32,375.3","32,141.8","32,531.0","31,752.7","1.39M","0.24%"
"11/08/2019","32,141.8","32,531.0","32,686.6","32,064.0","917.97K","-0.72%"
"11/11/2019","32,141.8","32,102.9","32,608.8","31,986.2","911.14K","0.00%"
"11/12/2019","32,764.4","32,219.7","32,842.3","32,141.8","1.89M","1.94%"
"11/13/2019","33,387.1","32,842.3","33,387.1","32,842.3","2.27M","1.90%"
"11/14/2019","33,075.7","33,464.9","33,464.9","32,764.4","1.02M","-0.93%"
"11/15/2019","32,686.6","33,192.5","33,231.4","32,686.6","789.40K","-1.18%"
"11/18/2019","32,141.8","32,531.0","32,842.3","32,102.9","1.21M","-1.67%"
"11/19/2019","32,414.2","32,141.8","32,453.1","31,986.2","850.26K","0.85%"
"11/20/2019","32,336.4","32,608.8","32,608.8","32,102.9","310.05K","-0.24%"
"11/21/2019","32,064.0","32,297.5","32,453.1","32,025.1","769.32K","-0.84%"
"11/22/2019","31,285.8","32,297.5","32,297.5","30,974.5","1.31M","-2.43%"
"11/25/2019","30,896.6","31,285.8","31,597.1","30,741.0","1.03M","-1.24%"
"11/26/2019","31,130.1","31,363.6","31,558.2","30,974.5","511.31K","0.76%"
"11/27/2019","31,752.7","31,207.9","32,219.7","31,207.9","1.33M","2.00%"
"11/28/2019","31,636.0","31,908.4","31,908.4","31,480.3","498.40K","-0.37%"
"11/29/2019","31,519.2","31,519.2","31,830.5","31,519.2","492.54K","-0.37%"
"12/02/2019","30,663.2","31,363.6","31,363.6","30,663.2","882.97K","-2.72%"
"12/03/2019","30,896.6","30,663.2","31,169.0","30,351.9","989.60K","0.76%"
"12/04/2019","31,402.5","30,896.6","31,558.2","30,818.8","443.10K","1.64%"
"12/05/2019","31,130.1","31,558.2","31,597.1","30,857.7","495.08K","-0.87%"
"12/06/2019","30,857.7","30,896.6","31,285.8","30,779.9","471.55K","-0.88%"
"12/09/2019","31,130.1","31,130.1","31,130.1","30,857.7","450.97K","0.88%"
"12/10/2019","31,052.3","31,130.1","31,402.5","30,935.6","522.78K","-0.25%"
"12/11/2019","31,207.9","31,052.3","31,207.9","30,974.5","352.32K","0.50%"
"12/12/2019","31,908.4","31,597.1","31,908.4","31,285.8","910.69K","2.24%"
"12/13/2019","32,608.8","31,908.4","32,647.7","31,908.4","1.79M","2.20%"
"12/16/2019","32,608.8","32,842.3","32,881.2","32,297.5","1.06M","0.00%"
"12/17/2019","32,258.6","32,531.0","32,608.8","32,141.8","730.07K","-1.07%"
"12/18/2019","32,686.6","31,986.2","33,114.7","31,986.2","1.86M","1.33%"
"12/19/2019","32,842.3","32,764.4","33,036.8","32,219.7","883.60K","0.48%"
"12/20/2019","33,270.3","32,686.6","33,309.2","32,686.6","896.66K","1.30%"
"12/23/2019","34,826.8","33,270.3","34,982.5","33,270.3","3.07M","4.68%"
"12/24/2019","34,943.6","34,671.2","35,138.1","34,476.6","932.61K","0.34%"
"12/25/2019","35,177.0","34,321.0","35,215.9","34,321.0","736.32K","0.67%"
"12/26/2019","34,398.8","35,060.3","35,293.8","34,398.8","661.35K","-2.21%"
"12/27/2019","35,955.3","34,398.8","35,955.3","34,243.1","1.38M","4.52%"
"12/30/2019","35,877.5","36,033.1","36,694.6","35,799.6","1.10M","-0.22%"
"12/31/2019","35,916.4","35,955.3","36,188.8","35,721.8","792.87K","0.11%"
"01/02/2020","36,500.1","35,799.6","36,733.5","35,721.8","1.10M","1.63%"
"01/03/2020","36,344.4","36,850.3","36,967.0","36,344.4","759.58K","-0.43%"
"01/06/2020","35,644.0","36,344.4","36,344.4","35,644.0","999.23K","-1.93%"
"01/07/2020","36,344.4","35,644.0","36,344.4","35,177.0","662.67K","1.96%"
"01/08/2020","36,655.7","35,799.6","37,278.3","35,644.0","1.55M","0.86%"
"01/09/2020","38,640.3","37,161.6","38,834.8","37,044.8","1.98M","5.41%"
"01/10/2020","39,924.4","38,640.3","40,469.2","38,601.3","1.89M","3.32%"
"01/13/2020","38,990.5","38,834.8","40,080.0","38,523.5","685.12K","-2.34%"
"01/14/2020","38,990.5","38,990.5","40,080.0","38,834.8","946.04K","0.00%"
"01/15/2020","39,690.9","38,834.8","39,924.4","38,834.8","874.47K","1.80%"
"01/16/2020","42,025.7","39,690.9","42,103.5","39,690.9","1.26M","5.88%"
"01/17/2020","41,636.5","42,103.5","42,492.6","41,325.2","809.32K","-0.93%"
"01/20/2020","41,480.9","41,636.5","42,181.3","41,403.1","957.93K","-0.37%"
"01/21/2020","42,025.7","41,480.9","42,414.8","41,480.9","766.69K","1.31%"
"01/22/2020","43,193.0","42,025.7","43,426.5","41,870.0","982.75K","2.78%"
"01/30/2020","41,013.9","42,414.8","42,726.1","40,469.2","1.75M","-5.05%"
"01/31/2020","40,080.0","40,702.6","41,714.4","40,080.0","1.45M","-2.28%"
"02/03/2020","41,636.5","38,757.0","42,803.9","37,278.3","1.97M","3.88%"
"02/04/2020","42,337.0","42,337.0","42,570.4","41,714.4","1.77M","1.68%"
"02/05/2020","41,636.5","42,726.1","42,959.6","41,636.5","903.92K","-1.65%"
"02/06/2020","41,403.1","41,558.7","42,103.5","41,247.4","1.85M","-0.56%"
"02/07/2020","40,235.7","41,013.9","41,480.9","40,157.9","1.89M","-2.82%"
"02/10/2020","38,212.2","39,613.1","39,846.5","38,212.2","1.40M","-5.03%"
"02/11/2020","39,535.2","38,212.2","40,002.2","38,212.2","1.15M","3.46%"
"02/12/2020","39,535.2","40,080.0","40,313.5","39,457.4","886.11K","0.00%"
"02/13/2020","39,223.9","39,457.4","39,690.9","38,834.8","727.98K","-0.79%"
"02/14/2020","38,912.6","38,990.5","39,379.6","38,912.6","788.63K","-0.79%"
"02/17/2020","40,080.0","39,068.3","40,080.0","38,990.5","1.09M","3.00%"
"02/18/2020","40,469.2","40,391.3","40,936.1","40,080.0","1.11M","0.97%"
"02/19/2020","39,924.4","40,469.2","40,547.0","39,846.5","468.18K","-1.35%"
"02/20/2020","39,924.4","40,391.3","40,469.2","39,846.5","695.27K","0.00%"
"02/21/2020","38,523.5","39,924.4","39,924.4","37,939.8","3.29M","-3.51%"
"02/24/2020","36,033.1","37,511.8","37,978.7","36,033.1","1.36M","-6.46%"
"02/25/2020","37,978.7","35,021.4","37,978.7","35,021.4","1.11M","5.40%"
"02/26/2020","36,577.9","37,044.8","37,589.6","36,461.1","787.76K","-3.69%"
"02/27/2020","36,655.7","36,577.9","37,122.7","36,149.8","908.91K","0.21%"
"02/28/2020","35,410.5","35,799.6","36,110.9","35,060.3","1.22M","-3.40%"
"03/02/2020","35,138.1","35,721.8","35,721.8","35,021.4","714.74K","-0.77%"
"03/03/2020","36,500.1","36,422.2","37,161.6","35,566.2","1.28M","3.88%"
"03/04/2020","35,916.4","36,577.9","36,577.9","35,721.8","828.01K","-1.60%"
"03/05/2020","36,305.5","36,227.7","36,772.5","36,188.8","1.10M","1.08%"
"03/06/2020","36,461.1","35,410.5","36,694.6","35,410.5","699.27K","0.43%"
"03/09/2020","33,931.8","34,009.7","34,787.9","33,931.8","1.19M","-6.94%"
"03/10/2020","32,997.9","33,075.7","34,243.1","32,141.8","1.72M","-2.75%"
"03/11/2020","30,702.1","33,854.0","33,854.0","30,702.1","1.91M","-6.96%"
"03/12/2020","28,561.9","28,600.8","29,340.1","28,561.9","1.93M","-6.97%"
"03/13/2020","27,238.9","26,577.3","28,561.9","26,577.3","2.93M","-4.63%"
"03/16/2020","25,526.7","27,238.9","27,978.2","25,332.1","2.76M","-6.29%"
"03/17/2020","26,304.9","23,814.5","26,382.8","23,814.5","2.23M","3.05%"
"03/18/2020","26,888.6","26,460.6","27,628.0","26,421.7","2.19M","2.22%"
"03/19/2020","25,993.6","26,421.7","26,616.2","25,487.8","1.14M","-3.33%"
"03/20/2020","25,760.2","26,149.3","26,499.5","25,604.5","970.09K","-0.90%"
"03/23/2020","23,970.2","24,125.8","24,826.3","23,970.2","3.43M","-6.95%"
"03/24/2020","24,592.8","24,125.8","24,865.2","23,892.4","1.54M","2.60%"
"03/25/2020","25,838.0","25,993.6","26,032.6","25,526.7","2.03M","5.06%"
"03/26/2020","25,915.8","25,682.3","26,616.2","25,020.8","1.44M","0.30%"
"03/27/2020","25,682.3","25,760.2","26,266.0","25,215.4","1.42M","-0.90%"
"03/30/2020","24,048.0","24,125.8","24,826.3","23,892.4","1.72M","-6.36%"
"03/31/2020","24,009.1","24,904.1","25,020.8","22,958.5","1.28M","-0.16%"
"04/01/2020","24,981.9","24,048.0","25,682.3","23,970.2","1.50M","4.05%"
"04/03/2020","26,694.1","25,371.0","26,694.1","25,371.0","1.95M","6.85%"
"04/06/2020","28,561.9","27,783.6","28,561.9","27,316.7","2.37M","7.00%"
"04/07/2020","28,795.4","29,184.5","29,340.1","28,017.1","2.26M","0.82%"
"04/08/2020","29,534.7","27,861.5","29,573.6","27,316.7","1.83M","2.57%"
"04/09/2020","29,340.1","29,534.7","30,040.6","29,301.2","1.70M","-0.66%"
"04/10/2020","28,717.5","29,028.8","29,418.0","28,561.9","1.51M","-2.12%"
"04/13/2020","28,912.1","28,561.9","29,340.1","28,484.1","1.33M","0.68%"
"04/14/2020","28,406.2","28,834.3","29,223.4","27,861.5","1.53M","-1.75%"
"04/15/2020","29,028.8","28,561.9","29,340.1","28,561.9","1.39M","2.19%"
"04/16/2020","29,028.8","28,951.0","29,028.8","28,600.8","1.52M","0.00%"
"04/17/2020","29,106.7","29,456.9","29,729.3","28,951.0","1.45M","0.27%"
"04/20/2020","28,873.2","29,495.8","29,573.6","28,756.4","1.73M","-0.80%"
"04/21/2020","27,005.4","28,017.1","28,639.7","27,005.4","2.82M","-6.47%"
"04/22/2020","28,172.8","25,760.2","28,834.3","25,760.2","1.78M","4.32%"
"04/23/2020","28,172.8","28,795.4","28,951.0","28,094.9","993.50K","0.00%"
"04/24/2020","28,017.1","28,367.3","28,367.3","27,472.3","745.70K","-0.55%"
"04/27/2020","27,316.7","28,172.8","28,328.4","27,316.7","1.52M","-2.50%"
"04/28/2020","27,355.6","27,316.7","27,861.5","26,849.7","741.40K","0.14%"
"04/29/2020","27,705.8","27,238.9","27,939.3","27,238.9","748.95K","1.28%"
"05/04/2020","27,472.3","27,705.8","28,328.4","27,316.7","824.59K","-0.84%"
"05/05/2020","27,472.3","27,472.3","27,861.5","27,394.5","537.86K","0.00%"
"05/06/2020","28,017.1","27,589.1","28,017.1","27,472.3","929.84K","1.98%"
"05/07/2020","29,223.4","28,250.6","29,262.3","28,250.6","3.18M","4.31%"
"05/08/2020","29,573.6","29,534.7","30,585.3","29,223.4","3.22M","1.20%"
"05/11/2020","29,962.7","29,962.7","30,351.9","29,534.7","1.52M","1.32%"
"05/12/2020","30,001.6","29,807.1","30,079.5","29,534.7","2.07M","0.13%"
"05/13/2020","30,818.8","29,807.1","30,974.5","29,418.0","3.43M","2.72%"
"05/14/2020","30,896.6","30,351.9","31,519.2","30,351.9","2.51M","0.25%"
"05/15/2020","30,040.6","30,974.5","31,207.9","29,884.9","2.40M","-2.77%"
"05/18/2020","30,274.0","29,923.8","30,274.0","29,573.6","2.34M","0.78%"
"05/19/2020","30,429.7","31,052.3","31,052.3","30,274.0","2.12M","0.51%"
"05/20/2020","30,468.6","30,351.9","30,585.3","29,962.7","1.13M","0.13%"
"05/21/2020","30,896.6","30,741.0","31,246.9","30,702.1","3.11M","1.40%"
"05/22/2020","30,585.3","30,896.6","31,130.1","30,585.3","1.43M","-1.01%"
"05/25/2020","30,857.7","30,585.3","30,974.5","30,351.9","1.12M","0.89%"
"05/26/2020","32,686.6","30,935.6","32,686.6","30,935.6","3.72M","5.93%"
"05/27/2020","30,974.5","33,270.3","33,270.3","30,974.5","2.88M","-5.24%"
"05/28/2020","31,674.9","31,130.1","31,869.5","30,974.5","2.41M","2.26%"
"05/29/2020","31,207.9","31,441.4","31,519.2","30,974.5","2.10M","-1.47%"
"06/01/2020","32,258.6","31,363.6","32,336.4","31,324.7","1.39M","3.37%"
"06/02/2020","31,558.2","32,297.5","32,608.8","31,519.2","1.88M","-2.17%"
"06/03/2020","31,908.4","31,830.5","32,064.0","31,519.2","1.13M","1.11%"
"06/04/2020","32,531.0","32,064.0","32,920.1","31,986.2","2.53M","1.95%"
"06/05/2020","32,764.4","32,531.0","32,842.3","32,102.9","1.53M","0.72%"
"06/08/2020","34,243.1","33,231.4","34,243.1","33,075.7","3.13M","4.51%"
"06/09/2020","33,737.3","34,321.0","34,321.0","33,698.4","1.41M","-1.48%"
"06/10/2020","33,854.0","33,542.7","34,321.0","33,075.7","1.63M","0.35%"
"06/11/2020","31,519.2","33,854.0","34,009.7","31,519.2","3.00M","-6.90%"
"06/12/2020","33,075.7","30,741.0","33,075.7","30,741.0","2.41M","4.94%"
"06/15/2020","31,052.3","32,920.1","32,920.1","31,052.3","1.89M","-6.12%"
"06/16/2020","31,674.9","32,297.5","32,375.3","31,519.2","1.21M","2.01%"
"06/17/2020","31,363.6","31,674.9","31,986.2","31,013.4","1.03M","-0.98%"
"06/18/2020","31,519.2","31,363.6","31,597.1","31,130.1","791.70K","0.50%"
"06/19/2020","32,258.6","32,064.0","32,258.6","31,674.9","906.10K","2.35%"
"06/22/2020","32,141.8","32,297.5","32,569.9","31,752.7","783.40K","-0.36%"
"06/23/2020","31,674.9","31,947.3","32,180.8","31,519.2","1.40M","-1.45%"
"06/24/2020","31,363.6","31,674.9","32,064.0","31,285.8","870.40K","-0.98%"
"06/25/2020","31,130.1","31,130.1","31,324.7","30,974.5","995.90K","-0.74%"
"06/26/2020","31,052.3","31,830.5","31,830.5","30,896.6","902.20K","-0.25%"
"06/29/2020","29,962.7","30,585.3","30,741.0","29,884.9","1.68M","-3.51%"
"06/30/2020","29,495.8","30,351.9","30,390.8","29,418.0","1.08M","-1.56%"
"07/01/2020","30,507.5","29,495.8","30,663.2","29,495.8","967.60K","3.43%"
"07/02/2020","30,351.9","30,702.1","30,702.1","30,118.4","630.70K","-0.51%"
"07/03/2020","30,429.7","30,546.4","30,585.3","30,196.2","688.40K","0.26%"
"07/06/2020","31,207.9","30,663.2","31,285.8","30,429.7","952.90K","2.56%"
"07/07/2020","31,597.1","31,441.4","31,791.6","31,324.7","1.38M","1.25%"
"07/08/2020","31,558.2","31,519.2","31,674.9","31,130.1","966.70K","-0.12%"
"07/09/2020","32,375.3","31,558.2","32,608.8","31,558.2","1.93M","2.59%"
"07/10/2020","32,297.5","32,064.0","32,414.2","31,713.8","1.30M","-0.24%"
"07/13/2020","32,141.8","32,414.2","32,569.9","31,908.4","1.31M","-0.48%"
"07/14/2020","32,102.9","31,791.6","32,141.8","31,674.9","1.25M","-0.12%"
"07/15/2020","32,180.8","32,453.1","32,453.1","32,141.8","868.40K","0.24%"
"07/16/2020","32,180.8","32,180.8","32,219.7","31,908.4","595.30K","0.00%"
"07/17/2020","32,375.3","32,219.7","32,569.9","32,219.7","1.69M","0.60%"
"07/20/2020","31,752.7","32,453.1","32,492.1","31,752.7","1.05M","-1.92%"
"07/21/2020","31,752.7","31,908.4","31,908.4","31,402.5","471.10K","0.00%"
"07/22/2020","31,130.1","31,908.4","31,908.4","30,741.0","944.00K","-1.96%"
"07/23/2020","31,013.4","31,130.1","31,480.3","30,857.7","961.30K","-0.37%"
"07/24/2020","29,729.3","31,013.4","31,013.4","29,379.0","2.27M","-4.14%"
"07/27/2020","27,666.9","28,017.1","29,418.0","27,666.9","1.94M","-6.94%"
"07/28/2020","29,456.9","28,017.1","29,456.9","28,017.1","1.50M","6.47%"
"07/29/2020","28,756.4","28,639.7","28,951.0","27,861.5","912.70K","-2.38%"
"07/30/2020","28,951.0","29,184.5","29,184.5","28,017.1","528.10K","0.68%"
"07/31/2020","28,523.0","28,017.1","28,989.9","28,017.1","603.60K","-1.48%"
"08/03/2020","28,951.0","28,250.6","29,067.7","28,250.6","813.30K","1.50%"
"08/04/2020","29,495.8","29,573.6","29,573.6","29,184.5","621.30K","1.88%"
"08/05/2020","30,157.3","29,418.0","30,351.9","29,262.3","1.15M","2.24%"
"08/06/2020","29,768.2","30,079.5","30,274.0","29,729.3","751.20K","-1.29%"
"08/07/2020","29,651.4","29,768.2","30,040.6","29,534.7","669.20K","-0.39%"
"08/10/2020","29,651.4","29,923.8","30,118.4","29,651.4","672.60K","0.00%"
"08/11/2020","29,962.7","29,846.0","30,040.6","29,651.4","982.00K","1.05%"
"08/12/2020","30,507.5","30,040.6","30,624.3","30,040.6","1.21M","1.82%"
"08/13/2020","30,857.7","30,741.0","30,896.6","30,585.3","847.00K","1.15%"
"08/14/2020","30,351.9","30,624.3","30,818.8","30,196.2","1.24M","-1.64%"
"08/17/2020","30,118.4","30,274.0","30,351.9","29,923.8","793.60K","-0.77%"
"08/18/2020","29,884.9","30,351.9","30,351.9","29,884.9","834.20K","-0.78%"
"08/19/2020","30,040.6","29,884.9","30,235.1","29,884.9","435.60K","0.52%"
"08/20/2020","29,768.2","30,040.6","30,235.1","29,768.2","1.08M","-0.91%"
"08/21/2020","30,313.0","29,884.9","30,546.4","29,884.9","1.38M","1.83%"
"08/24/2020","30,857.7","30,741.0","31,052.3","30,507.5","1.18M","1.80%"
"08/25/2020","30,741.0","31,052.3","31,130.1","30,663.2","1.12M","-0.38%"
"08/26/2020","30,624.3","30,741.0","30,741.0","30,585.3","1.05M","-0.38%"
"08/27/2020","30,429.7","30,585.3","30,663.2","30,351.9","1.38M","-0.64%"
"08/28/2020","31,558.2","30,741.0","31,908.4","30,585.3","3.81M","3.71%"
"08/31/2020","31,869.5","31,597.1","32,141.8","31,558.2","2.52M","0.99%"
"09/01/2020","32,219.7","31,519.2","32,219.7","31,441.4","2.67M","1.10%"
"09/03/2020","32,842.3","32,297.5","32,842.3","32,064.0","3.35M","1.93%"
"09/04/2020","32,764.4","32,141.8","32,920.1","32,102.9","2.52M","-0.24%"
"09/07/2020","31,597.1","32,842.3","32,842.3","31,597.1","2.83M","-3.56%"
"09/08/2020","31,791.6","31,752.7","31,908.4","31,169.0","1.59M","0.62%"
"09/09/2020","31,752.7","31,285.8","31,869.5","31,207.9","1.01M","-0.12%"
"09/10/2020","31,519.2","31,986.2","32,025.1","31,519.2","1.07M","-0.74%"
"09/11/2020","31,480.3","31,519.2","31,636.0","31,324.7","972.50K","-0.12%"
"09/14/2020","31,519.2","31,558.2","31,752.7","31,480.3","1.17M","0.12%"
"09/15/2020","31,713.8","31,674.9","32,064.0","31,441.4","1.40M","0.62%"
"09/16/2020","31,558.2","31,830.5","31,830.5","31,480.3","687.10K","-0.49%"
"09/17/2020","31,519.2","31,674.9","31,986.2","31,363.6","1.91M","-0.12%"
"09/18/2020","31,908.4","31,597.1","31,908.4","31,519.2","1.76M","1.23%"
"09/21/2020","31,752.7","32,064.0","32,297.5","31,674.9","1.27M","-0.49%"
"09/22/2020","31,674.9","31,674.9","31,830.5","31,480.3","1.46M","-0.25%"
"09/23/2020","32,219.7","31,752.7","32,608.8","31,752.7","2.65M","1.72%"
"09/24/2020","31,830.5","32,064.0","32,336.4","31,752.7","1.92M","-1.21%"
"09/25/2020","31,752.7","31,908.4","31,986.2","31,558.2","1.68M","-0.24%"
"09/28/2020","32,141.8","31,947.3","32,453.1","31,752.7","2.46M","1.23%"
"09/29/2020","31,636.0","32,297.5","32,647.7","31,597.1","2.54M","-1.57%"
"09/30/2020","31,752.7","31,674.9","31,830.5","31,519.2","1.17M","0.37%"
"10/01/2020","31,869.5","31,752.7","32,025.1","31,752.7","1.46M","0.37%"
"10/02/2020","31,636.0","31,908.4","32,258.6","29,962.7","2.21M","-0.73%"
"10/05/2020","31,441.4","31,908.4","31,908.4","31,285.8","1.97M","-0.62%"
"10/06/2020","31,480.3","31,558.2","31,752.7","31,363.6","1.90M","0.12%"
"10/07/2020","31,480.3","31,441.4","31,830.5","31,363.6","1.48M","0.00%"
"10/08/2020","31,441.4","31,597.1","31,636.0","30,974.5","2.38M","-0.12%"
"10/09/2020","31,402.5","31,363.6","31,519.2","31,207.9","1.07M","-0.12%"
"10/12/2020","31,869.5","32,375.3","32,647.7","31,674.9","4.44M","1.49%"
"10/13/2020","32,102.9","31,908.4","32,569.9","31,597.1","2.49M","0.73%"
"10/14/2020","33,387.1","32,531.0","33,426.0","32,297.5","8.58M","4.00%"
"10/15/2020","32,881.2","33,815.1","33,815.1","32,842.3","3.72M","-1.52%"
"10/16/2020","32,842.3","32,881.2","33,620.5","32,531.0","3.03M","-0.12%"
"10/19/2020","32,608.8","33,036.8","33,036.8","32,453.1","3.38M","-0.71%"
"10/20/2020","32,686.6","32,297.5","33,075.7","32,297.5","2.42M","0.24%"
"10/21/2020","32,959.0","32,997.9","33,854.0","32,803.4","3.80M","0.83%"
"10/22/2020","33,426.0","32,920.1","33,426.0","32,608.8","2.18M","1.42%"
"10/23/2020","33,309.2","33,776.2","33,776.2","33,309.2","2.44M","-0.35%"
"10/26/2020","31,908.4","33,075.7","33,464.9","31,908.4","4.25M","-4.21%"
"10/27/2020","31,674.9","31,908.4","32,297.5","31,674.9","3.32M","-0.73%"
"10/28/2020","30,585.3","31,519.2","31,674.9","30,585.3","3.65M","-3.44%"
"10/29/2020","30,079.5","30,196.2","30,741.0","29,923.8","3.55M","-1.65%"
"10/30/2020","29,962.7","30,351.9","30,507.5","29,690.3","2.11M","-0.39%"
"11/02/2020","30,274.0","29,962.7","30,429.7","29,962.7","1.36M","1.04%"
"11/03/2020","30,663.2","30,351.9","30,741.0","30,351.9","1.30M","1.29%"
"11/04/2020","30,935.6","30,663.2","31,207.9","30,624.3","1.36M","0.89%"
"11/05/2020","30,390.8","30,935.6","30,935.6","30,390.8","1.61M","-1.76%"
"11/06/2020","30,390.8","30,702.1","30,702.1","30,235.1","813.30K","0.00%"
"11/09/2020","30,546.4","30,702.1","30,702.1","30,429.7","1.49M","0.51%"
"11/10/2020","30,663.2","31,013.4","31,130.1","30,663.2","1.71M","0.38%"
"11/11/2020","30,663.2","30,663.2","30,857.7","30,468.6","910.40K","0.00%"
"11/12/2020","30,818.8","30,741.0","30,974.5","30,663.2","1.42M","0.51%"
"11/13/2020","31,363.6","30,896.6","31,363.6","30,857.7","2.31M","1.77%"
"11/16/2020","31,052.3","31,402.5","31,752.7","31,052.3","2.44M","-0.99%"
"11/17/2020","31,363.6","31,130.1","31,363.6","30,935.6","1.83M","1.00%"
"11/18/2020","31,169.0","31,363.6","31,402.5","31,130.1","1.98M","-0.62%"
"11/19/2020","31,441.4","31,207.9","31,752.7","31,207.9","2.25M","0.87%"
"11/20/2020","32,064.0","31,674.9","32,102.9","31,674.9","3.17M","1.98%"
"11/23/2020","31,986.2","32,297.5","32,297.5","31,558.2","1.65M","-0.24%"
"11/24/2020","31,674.9","31,947.3","31,986.2","31,441.4","2.46M","-0.97%"
"11/25/2020","32,141.8","31,908.4","32,258.6","31,558.2","3.49M","1.47%"
"11/26/2020","33,153.6","32,141.8","33,153.6","31,908.4","5.48M","3.15%"
"11/27/2020","33,036.8","33,309.2","33,348.1","32,725.5","2.92M","-0.35%"
"11/30/2020","32,453.1","33,036.8","33,075.7","32,453.1","2.15M","-1.77%"
"12/01/2020","32,453.1","31,908.4","32,531.0","31,752.7","3.66M","0.00%"
"12/02/2020","32,297.5","32,492.1","32,686.6","32,219.7","2.31M","-0.48%"
"12/03/2020","32,375.3","32,336.4","32,608.8","32,219.7","2.31M","0.24%"
"12/04/2020","32,414.2","32,375.3","32,920.1","32,297.5","3.22M","0.12%"
"12/07/2020","33,464.9","32,686.6","33,620.5","32,569.9","5.18M","3.24%"
"12/08/2020","33,231.4","33,698.4","33,698.4","33,036.8","2.71M","-0.70%"
"12/09/2020","34,087.5","33,387.1","34,243.1","33,270.3","4.63M","2.58%"
"12/10/2020","34,204.2","34,087.5","34,865.7","34,009.7","4.82M","0.34%"
"12/11/2020","35,644.0","34,165.3","35,644.0","33,931.8","5.74M","4.21%"
"12/14/2020","36,188.8","35,916.4","36,227.7","35,682.9","3.69M","1.53%"
"12/15/2020","35,877.5","35,916.4","36,577.9","35,682.9","4.30M","-0.86%"
"12/16/2020","36,889.2","35,877.5","36,928.1","35,877.5","3.89M","2.82%"
"12/17/2020","36,110.9","36,422.2","37,044.8","36,110.9","4.90M","-2.11%"
"12/18/2020","36,577.9","36,344.4","36,967.0","36,110.9","3.06M","1.29%"
"12/21/2020","36,928.1","37,356.1","37,356.1","36,188.8","3.11M","0.96%"
"12/22/2020","36,461.1","36,928.1","36,928.1","36,266.6","3.44M","-1.26%"
"12/23/2020","36,266.6","36,577.9","36,967.0","36,110.9","2.65M","-0.53%"
"12/24/2020","35,410.5","36,266.6","36,422.2","34,165.3","3.94M","-2.36%"
"12/25/2020","36,266.6","35,410.5","36,344.4","35,021.4","1.97M","2.42%"
"12/28/2020","36,928.1","36,539.0","37,356.1","36,422.2","3.97M","1.82%"
"12/29/2020","37,628.5","36,811.4","37,862.0","36,811.4","3.81M","1.90%"
"12/30/2020","37,395.1","37,667.4","37,978.7","37,356.1","1.81M","-0.62%"
"12/31/2020","37,909.5","37,395.0","37,909.5","37,197.2","1.69M","1.38%"
"01/04/2021","38,186.5","37,790.8","38,344.8","37,790.8","2.51M","0.73%"
"01/05/2021","37,909.5","37,909.5","38,067.8","37,711.6","2.71M","-0.73%"
"01/06/2021","38,621.8","38,226.0","40,046.3","37,632.5","4.62M","1.88%"
"01/07/2021","38,700.9","38,621.8","39,492.3","38,384.3","2.11M","0.20%"
"01/08/2021","38,384.3","39,017.5","39,017.5","38,146.9","2.56M","-0.82%"
"01/11/2021","38,186.5","38,384.3","38,463.5","37,909.5","3.47M","-0.52%"
"01/12/2021","38,582.2","38,186.5","38,780.0","37,909.5","2.75M","1.04%"
"01/13/2021","38,344.8","38,621.8","38,938.3","38,305.2","2.08M","-0.62%"
"01/14/2021","38,661.3","38,384.3","38,780.0","37,988.6","2.40M","0.83%"
"01/15/2021","38,661.3","39,017.5","39,175.8","38,661.3","3.02M","0.00%"
"01/18/2021","38,503.0","38,700.9","38,780.0","38,463.5","2.12M","-0.41%"
"01/19/2021","35,812.2","38,463.5","38,463.5","35,812.2","3.40M","-6.99%"
"01/20/2021","36,010.0","35,812.2","36,801.5","33,635.8","2.90M","0.55%"
"01/21/2021","36,801.5","36,089.2","36,801.5","35,772.6","1.69M","2.20%"
"01/22/2021","35,812.2","36,801.5","36,841.0","35,693.5","2.78M","-2.69%"
"01/25/2021","35,297.8","35,614.3","35,772.6","35,139.5","1.73M","-1.44%"
"01/26/2021","33,675.3","35,099.9","35,099.9","33,081.7","2.31M","-4.60%"
"01/27/2021","32,686.0","33,675.3","34,348.0","32,132.0","2.64M","-2.94%"
"01/28/2021","30,430.5","30,865.7","31,657.2","30,430.5","3.39M","-6.90%"
"01/29/2021","31,578.0","28,887.2","32,329.9","28,887.2","2.53M","3.77%"
"02/01/2021","30,944.9","31,578.0","32,448.6","30,588.7","1.94M","-2.00%"
"02/02/2021","31,142.7","30,786.6","31,617.6","30,509.6","3.14M","0.64%"
"02/03/2021","32,725.6","31,736.3","32,844.3","31,419.7","2.33M","5.08%"
"02/04/2021","32,844.3","32,765.2","32,923.5","32,369.5","1.73M","0.36%"
"02/05/2021","33,081.7","32,844.3","33,319.2","32,686.0","1.61M","0.72%"
"02/08/2021","31,736.3","33,081.7","33,240.0","30,905.3","2.36M","-4.07%"
"02/09/2021","32,290.3","32,052.9","32,606.9","31,419.7","1.82M","1.75%"
"02/17/2021","33,319.2","32,329.9","33,319.2","32,329.9","1.81M","3.19%"
"02/18/2021","34,348.0","33,398.3","34,427.2","33,002.6","2.94M","3.09%"
"02/19/2021","34,902.0","34,031.5","35,218.6","33,912.8","2.55M","1.61%"
"02/22/2021","34,625.0","34,902.0","35,218.6","34,585.5","1.92M","-0.79%"
"02/23/2021","34,822.9","34,625.0","34,902.0","34,189.8","1.93M","0.57%"
"02/24/2021","34,071.0","34,743.8","34,981.2","33,714.9","2.06M","-2.16%"
"02/25/2021","33,991.9","34,150.2","34,664.6","33,398.3","2.18M","-0.23%"
"02/26/2021","34,506.3","33,873.2","34,585.5","33,477.5","1.74M","1.51%"
"03/01/2021","34,902.0","34,506.3","35,139.5","34,506.3","2.83M","1.15%"
"03/02/2021","34,862.5","35,218.6","35,297.8","34,704.2","2.67M","-0.11%"
"03/03/2021","34,664.6","34,862.5","34,981.2","34,585.5","1.99M","-0.57%"
"03/04/2021","33,833.6","34,822.9","35,020.8","33,477.5","2.63M","-2.40%"
"03/05/2021","33,556.6","33,833.6","34,268.9","33,240.0","2.34M","-0.82%"
"03/08/2021","33,596.2","34,348.0","34,348.0","33,477.5","2.01M","0.12%"
"03/09/2021","33,121.3","33,556.6","33,556.6","32,844.3","3.06M","-1.41%"
"03/10/2021","33,240.0","33,240.0","33,398.3","32,765.2","2.59M","0.36%"
"03/11/2021","34,268.9","33,794.0","34,506.3","33,675.3","2.10M","3.10%"
"03/12/2021","34,308.5","34,427.2","34,585.5","34,110.6","3.19M","0.12%"
"03/15/2021","34,031.5","34,427.2","34,506.3","33,873.2","3.50M","-0.81%"
"03/16/2021","33,556.6","34,031.5","34,189.8","33,477.5","2.80M","-1.40%"
"03/17/2021","34,268.9","33,635.8","34,348.0","33,200.5","5.47M","2.12%"
"03/18/2021","35,614.3","34,822.9","35,851.8","34,466.8","7.13M","3.93%"
"03/19/2021","35,614.3","35,614.3","35,930.9","35,376.9","3.63M","0.00%"
"03/22/2021","35,337.3","35,614.3","35,614.3","35,218.6","3.22M","-0.78%"
"03/23/2021","34,585.5","35,218.6","35,258.2","34,110.6","5.72M","-2.13%"
"03/24/2021","33,358.8","34,031.5","34,268.9","33,160.9","4.20M","-3.55%"
"03/25/2021","33,437.9","33,635.8","33,991.9","33,200.5","2.98M","0.24%"
"03/26/2021","33,319.2","33,200.5","33,556.6","32,052.9","3.08M","-0.35%"
"03/29/2021","33,675.3","33,635.8","33,754.5","33,358.8","1.70M","1.07%"
"03/30/2021","33,912.8","34,031.5","34,071.0","33,477.5","2.90M","0.71%"
"03/31/2021","33,991.9","33,991.9","34,387.6","33,873.2","2.73M","0.23%"
"04/01/2021","34,783.3","34,031.5","34,822.9","34,031.5","4.66M","2.33%"
"04/02/2021","35,614.3","35,139.5","36,010.0","34,862.5","7.29M","2.39%"
"04/05/2021","36,049.6","36,168.3","36,326.6","35,693.5","7.51M","1.22%"
"04/06/2021","36,207.9","35,930.9","36,603.6","35,653.9","5.17M","0.44%"
"04/07/2021","36,049.6","36,168.3","36,207.9","35,891.3","3.28M","-0.44%"
"04/08/2021","35,456.0","36,168.3","36,247.5","35,376.9","5.55M","-1.65%"
"04/09/2021","35,060.3","35,376.9","35,456.0","34,862.5","5.65M","-1.12%"
"04/12/2021","35,416.5","35,218.6","35,851.8","34,902.0","6.48M","1.02%"
"04/13/2021","34,545.9","35,614.3","35,693.5","34,427.2","4.97M","-2.46%"
"04/14/2021","34,822.9","34,427.2","35,060.3","34,031.5","3.57M","0.80%"
"04/15/2021","34,071.0","34,902.0","34,981.2","34,031.5","4.66M","-2.16%"
"04/16/2021","33,240.0","33,912.8","34,427.2","33,121.3","5.87M","-2.44%"
"04/19/2021","34,031.5","33,240.0","34,110.6","33,081.7","4.02M","2.38%"
"04/20/2021","34,189.8","34,110.6","34,822.9","33,991.9","3.37M","0.47%"
"04/22/2021","32,448.6","34,189.8","34,189.8","32,448.6","3.68M","-5.09%"
"04/23/2021","33,240.0","32,448.6","33,358.8","32,329.9","3.87M","2.44%"
"04/26/2021","32,052.9","33,042.2","33,240.0","32,052.9","4.19M","-3.57%"
"04/27/2021","31,934.2","32,052.9","32,290.3","31,815.5","2.49M","-0.37%"
"04/28/2021","32,132.0","31,934.2","32,369.5","31,934.2","1.73M","0.62%"
"04/29/2021","32,448.6","32,132.0","33,160.9","32,132.0","2.45M","0.99%"
"05/04/2021","32,686.0","31,657.2","33,081.7","31,657.2","2.73M","0.73%"
"05/05/2021","33,160.9","33,002.6","33,517.0","32,844.3","3.39M","1.45%"
"05/06/2021","32,646.5","33,160.9","33,160.9","32,606.9","2.82M","-1.55%"
"05/07/2021","32,171.6","32,132.0","32,606.9","32,052.9","4.66M","-1.45%"
"05/10/2021","32,765.2","32,052.9","32,844.3","31,934.2","3.81M","1.85%"
"05/11/2021","33,319.2","33,240.0","34,427.2","33,081.7","6.73M","1.69%"
"05/12/2021","33,754.5","33,240.0","33,794.0","33,081.7","4.19M","1.31%"
"05/13/2021","33,714.9","33,635.8","34,348.0","33,240.0","4.38M","-0.12%"
"05/14/2021","33,517.0","33,873.2","34,031.5","33,477.5","3.43M","-0.59%"
"05/17/2021","33,081.7","33,635.8","34,031.5","33,002.6","3.76M","-1.30%"
"05/18/2021","32,369.5","33,002.6","33,002.6","32,290.3","4.91M","-2.15%"
"05/19/2021","32,369.5","32,448.6","32,765.2","32,132.0","3.61M","0.00%"
"05/20/2021","33,121.3","32,369.5","33,160.9","31,657.2","4.40M","2.32%"
"05/21/2021","35,416.5","33,240.0","35,416.5","33,121.3","16.38M","6.93%"
"05/24/2021","36,405.8","36,010.0","36,722.3","36,010.0","8.80M","2.79%"
"05/25/2021","36,959.8","36,405.8","37,078.5","35,970.5","7.96M","1.52%"
"05/26/2021","36,920.2","36,959.8","37,276.3","36,564.0","9.27M","-0.11%"
"05/27/2021","35,930.9","37,038.9","37,038.9","35,653.9","7.37M","-2.68%"
"05/28/2021","37,315.9","36,089.2","37,751.2","35,535.2","9.88M","3.85%"
"05/31/2021","38,542.6","37,830.3","38,621.8","37,592.9","7.04M","3.29%"
"06/01/2021","37,988.6","38,661.3","38,780.0","37,988.6","5.15M","-1.44%"
"06/02/2021","37,513.8","37,434.6","37,949.0","37,355.5","7.60M","-1.25%"
"06/03/2021","38,621.8","37,830.3","39,175.8","37,513.8","8.45M","2.95%"
"06/04/2021","38,780.0","38,542.6","39,175.8","37,988.6","7.47M","0.41%"
"06/07/2021","37,038.9","38,384.3","38,463.5","36,089.2","6.63M","-4.49%"
"06/08/2021","35,456.0","37,118.0","37,355.5","35,376.9","7.15M","-4.27%"
"06/09/2021","35,970.5","35,614.3","36,168.3","34,822.9","5.60M","1.45%"
"06/10/2021","34,743.8","35,970.5","36,089.2","34,743.8","5.61M","-3.41%"
"06/11/2021","35,772.6","34,822.9","35,812.2","34,427.2","8.04M","2.96%"
"06/14/2021","35,535.2","36,010.0","36,089.2","35,337.3","4.27M","-0.66%"
"06/15/2021","35,535.2","35,416.5","35,733.0","34,822.9","4.10M","0.00%"
"06/16/2021","35,851.8","35,376.9","36,959.8","34,981.2","5.30M","0.89%"
"06/17/2021","36,326.6","35,297.8","36,682.8","35,297.8","4.50M","1.32%"
"06/18/2021","36,524.5","36,603.6","36,801.5","36,168.3","4.02M","0.54%"
"06/21/2021","35,614.3","36,326.6","36,405.8","35,495.6","5.33M","-2.49%"
"06/22/2021","35,614.3","35,851.8","35,970.5","35,535.2","3.50M","0.00%"
"06/23/2021","35,930.9","35,535.2","36,722.3","35,535.2","3.24M","0.89%"
"06/24/2021","35,772.6","35,930.9","36,326.6","35,614.3","2.65M","-0.44%"
"06/25/2021","36,049.6","35,693.5","36,405.8","35,376.9","3.24M","0.77%"
"06/28/2021","37,118.0","36,405.8","37,276.3","36,128.8","8.41M","2.96%"
"06/29/2021","37,118.0","37,197.2","37,909.5","36,880.6","4.96M","0.00%"
"06/30/2021","37,395.0","37,118.0","37,553.3","37,078.5","5.03M","0.75%"
"07/01/2021","37,434.6","37,592.9","37,711.6","37,078.5","5.79M","0.11%"
"07/02/2021","37,236.8","37,592.9","37,790.8","37,118.0","5.29M","-0.53%"
"07/05/2021","36,920.2","37,236.8","37,236.8","35,772.6","4.39M","-0.85%"
"07/06/2021","34,822.9","37,118.0","38,463.5","34,822.9","8.67M","-5.68%"
"07/07/2021","36,010.0","35,218.6","36,128.8","34,506.3","4.96M","3.41%"
"07/08/2021","36,247.5","36,010.0","36,524.5","35,574.8","2.68M","0.66%"
"07/09/2021","35,535.2","35,772.6","36,405.8","34,822.9","4.51M","-1.97%"
"07/12/2021","33,240.0","35,297.8","35,297.8","33,081.7","7.57M","-6.46%"
"07/13/2021","33,556.6","33,635.8","33,833.6","32,883.9","2.49M","0.95%"
"07/14/2021","33,714.9","33,635.8","33,794.0","32,448.6","2.25M","0.47%"
"07/15/2021","33,794.0","33,279.6","34,150.2","33,240.0","2.26M","0.23%"
"07/16/2021","33,635.8","33,873.2","34,031.5","33,635.8","1.78M","-0.47%"
"07/19/2021","31,380.2","32,527.7","33,160.9","31,380.2","3.72M","-6.71%"
"07/20/2021","32,448.6","31,419.7","32,448.6","30,786.6","3.41M","3.40%"
"07/21/2021","32,211.2","32,765.2","32,765.2","32,052.9","1.46M","-0.73%"
"07/22/2021","32,448.6","32,132.0","32,527.7","32,132.0","2.14M","0.74%"
"07/23/2021","31,815.5","32,369.5","32,844.3","31,815.5","2.29M","-1.95%"
"07/26/2021","31,657.2","31,657.2","31,934.2","31,261.5","1.81M","-0.50%"
"07/27/2021","31,815.5","31,973.7","32,290.3","31,775.9","1.80M","0.50%"
"07/28/2021","32,052.9","31,815.5","32,052.9","31,657.2","1.55M","0.75%"
"07/29/2021","32,448.6","32,290.3","32,448.6","32,132.0","1.48M","1.23%"
"07/30/2021","32,527.7","32,686.0","32,725.6","32,409.0","2.56M","0.24%"
"08/02/2021","33,675.3","33,240.0","33,991.9","33,240.0","4.98M","3.53%"
"08/03/2021","34,308.5","33,477.5","34,308.5","33,319.2","3.48M","1.88%"
"08/04/2021","34,031.5","34,348.0","34,427.2","33,794.0","2.69M","-0.81%"
"08/05/2021","33,991.9","33,714.9","34,427.2","33,477.5","2.66M","-0.12%"
"08/06/2021","33,952.3","33,991.9","34,348.0","33,714.9","2.35M","-0.12%"
"08/09/2021","34,150.2","33,675.3","34,150.2","33,517.0","2.19M","0.58%"
"08/10/2021","34,268.9","34,229.3","34,427.2","34,071.0","2.35M","0.35%"
"08/11/2021","34,110.6","34,268.9","34,902.0","33,952.3","3.45M","-0.46%"
"08/12/2021","33,873.2","34,308.5","34,348.0","33,873.2","2.15M","-0.70%"
"08/13/2021","33,675.3","33,754.5","34,031.5","33,081.7","2.90M","-0.58%"
"08/16/2021","34,268.9","33,517.0","34,427.2","33,240.0","4.13M","1.76%"
"08/17/2021","33,991.9","34,506.3","34,506.3","33,873.2","1.97M","-0.81%"
"08/18/2021","33,754.5","33,952.3","34,031.5","33,635.8","1.90M","-0.70%"
"08/19/2021","33,635.8","33,714.9","33,714.9","33,358.8","2.27M","-0.35%"
"08/20/2021","32,052.9","33,714.9","33,952.3","31,657.2","5.49M","-4.71%"
"08/23/2021","31,103.2","32,052.9","32,290.3","31,103.2","3.45M","-2.96%"
"08/24/2021","31,182.3","31,103.2","31,419.7","30,786.6","3.20M","0.25%"
"08/25/2021","31,221.9","31,261.5","31,301.0","30,865.7","1.39M","0.13%"
"08/26/2021","30,549.2","31,380.2","31,380.2","30,074.3","2.57M","-2.15%"
"08/27/2021","30,628.3","30,470.0","30,865.7","29,916.0","2.40M","0.26%"
"08/30/2021","31,221.9","30,865.7","31,261.5","30,707.5","1.77M","1.94%"
"08/31/2021","30,826.2","31,340.6","31,340.6","30,826.2","2.28M","-1.27%"
"09/01/2021","30,865.7","30,707.5","30,944.9","30,588.7","1.71M","0.13%"
"09/06/2021","30,944.9","30,905.3","31,261.5","30,826.2","1.72M","0.26%"
"09/07/2021","31,419.7","31,103.2","31,815.5","30,984.5","2.15M","1.53%"
"09/08/2021","31,340.6","31,815.5","31,973.7","31,261.5","1.79M","-0.25%"
"09/09/2021","31,498.9","31,340.6","31,498.9","31,301.0","1.06M","0.51%"
"09/10/2021","31,380.2","31,657.2","31,657.2","31,340.6","998.40K","-0.38%"
"09/13/2021","30,984.5","31,380.2","31,380.2","30,865.7","2.18M","-1.26%"
"09/14/2021","30,628.3","30,944.9","30,984.5","30,549.2","1.78M","-1.15%"
"09/15/2021","30,707.5","30,549.2","30,865.7","30,549.2","1.33M","0.26%"
"09/16/2021","31,182.3","30,944.9","31,261.5","30,905.3","1.84M","1.55%"
"09/17/2021","31,657.2","31,340.6","32,013.3","31,340.6","2.24M","1.52%"
"09/20/2021","31,578.0","31,696.7","31,894.6","31,578.0","2.46M","-0.25%"
"09/21/2021","31,380.2","31,261.5","31,498.9","31,024.0","1.92M","-0.63%"
"09/22/2021","31,340.6","31,340.6","31,578.0","30,944.9","1.59M","-0.13%"
"09/23/2021","31,221.9","31,498.9","31,578.0","31,221.9","1.36M","-0.38%"
"09/24/2021","31,419.7","31,261.5","31,498.9","31,221.9","1.21M","0.63%"
"09/27/2021","31,182.3","31,419.7","31,736.3","31,024.0","1.52M","-0.76%"
"09/28/2021","31,736.3","31,182.3","31,934.2","31,024.0","2.75M","1.78%"
"09/29/2021","31,578.0","31,696.7","31,696.7","31,103.2","1.49M","-0.50%"
"09/30/2021","31,221.9","31,538.5","31,657.2","31,142.7","1.38M","-1.13%"
"10/01/2021","30,707.5","31,103.2","31,221.9","30,707.5","2.09M","-1.65%"
"10/04/2021","30,786.6","30,747.0","31,340.6","30,470.0","1.33M","0.26%"
"10/05/2021","31,103.2","30,865.7","31,301.0","30,865.7","918.20K","1.03%"
"10/06/2021","31,182.3","31,261.5","31,657.2","31,103.2","1.02M","0.25%"
"10/07/2021","30,984.5","31,182.3","31,261.5","30,984.5","1.28M","-0.63%"
"10/08/2021","31,024.0","30,984.5","31,182.3","30,984.5","1.23M","0.13%"
"10/11/2021","31,657.2","31,340.6","31,657.2","31,182.3","2.21M","2.04%"
"10/12/2021","31,855.0","31,815.5","32,250.7","31,696.7","2.50M","0.62%"
"10/13/2021","31,578.0","31,894.6","32,013.3","31,340.6","1.79M","-0.87%"
"10/14/2021","31,301.0","31,578.0","31,617.6","31,301.0","1.33M","-0.88%"
"10/15/2021","31,261.5","31,301.0","31,538.5","31,261.5","1.39M","-0.13%"
"10/18/2021","31,103.2","31,261.5","31,696.7","30,865.7","2.26M","-0.51%"
"10/19/2021","31,696.7","31,103.2","32,092.5","30,865.7","2.78M","1.91%"
"10/20/2021","31,459.3","31,696.7","31,815.5","31,103.2","1.36M","-0.75%"
"10/21/2021","31,261.5","31,459.3","31,578.0","31,261.5","795.10K","-0.63%"
"10/22/2021","31,103.2","31,261.5","31,419.7","31,103.2","1.33M","-0.51%"
"10/25/2021","31,024.0","31,340.6","31,340.6","31,024.0","1.12M","-0.25%"
"10/26/2021","31,024.0","31,024.0","31,182.3","30,984.5","688.20K","0.00%"
"10/27/2021","31,578.0","31,063.6","31,617.6","31,063.6","1.78M","1.79%"
"10/28/2021","31,538.5","31,657.2","31,815.5","31,419.7","1.56M","-0.13%"
"10/29/2021","32,844.3","31,657.2","33,002.6","31,578.0","4.69M","4.14%"
"11/01/2021","33,081.7","33,240.0","33,319.2","32,923.5","4.14M","0.72%"
"11/02/2021","33,200.5","33,081.7","33,635.8","32,923.5","1.92M","0.36%"
"11/03/2021","34,071.0","33,477.5","34,902.0","33,240.0","7.05M","2.62%"
"11/04/2021","34,822.9","34,150.2","35,020.8","33,794.0","5.51M","2.21%"
"11/05/2021","34,506.3","34,822.9","35,139.5","34,229.3","2.44M","-0.91%"
"11/08/2021","34,743.8","34,506.3","35,139.5","34,150.2","3.38M","0.69%"
"11/09/2021","34,031.5","34,822.9","34,941.6","34,031.5","3.20M","-2.05%"
"11/10/2021","34,031.5","34,110.6","34,427.2","33,517.0","2.69M","0.00%"
"11/11/2021","33,873.2","34,348.0","34,427.2","33,398.3","3.07M","-0.47%"
"11/12/2021","34,189.8","33,517.0","34,268.9","33,517.0","2.36M","0.93%"
"11/15/2021","33,873.2","34,308.5","34,427.2","33,240.0","1.92M","-0.93%"
"11/16/2021","33,873.2","33,794.0","34,110.6","33,596.2","1.59M","0.00%"
"11/17/2021","34,506.3","33,754.5","34,664.6","33,596.2","3.07M","1.87%"
"11/18/2021","35,218.6","34,822.9","35,535.2","34,348.0","4.42M","2.06%"
"11/19/2021","35,139.5","35,258.2","36,445.3","33,240.0","5.10M","-0.22%"
"11/22/2021","36,049.6","35,139.5","36,564.0","34,822.9","6.22M","2.59%"
"11/23/2021","35,376.9","36,010.0","36,010.0","34,981.2","2.26M","-1.87%"
"11/24/2021","36,445.3","35,574.8","36,484.9","35,297.8","5.19M","3.02%"
"11/25/2021","35,891.3","36,722.3","36,722.3","35,851.8","3.38M","-1.52%"
"11/26/2021","35,970.5","36,484.9","36,564.0","34,822.9","5.20M","0.22%"
"11/29/2021","35,218.6","35,218.6","35,614.3","34,902.0","4.10M","-2.09%"
"11/30/2021","35,139.5","35,535.2","36,128.8","34,506.3","3.20M","-0.22%"
"12/01/2021","35,060.3","35,139.5","35,376.9","34,585.5","2.21M","-0.23%"
"12/02/2021","34,981.2","35,020.8","35,930.9","34,822.9","1.72M","-0.23%"
"12/03/2021","33,240.0","35,218.6","35,218.6","33,240.0","2.77M","-4.98%"
"12/06/2021","33,200.5","34,031.5","34,031.5","32,963.0","3.59M","-0.12%"
"12/07/2021","34,506.3","33,279.6","34,625.0","33,279.6","2.08M","3.93%"
"12/08/2021","34,822.9","34,585.5","35,060.3","34,387.6","1.44M","0.92%"
"12/09/2021","34,822.9","34,783.3","34,941.6","34,466.8","1.23M","0.00%"
"12/10/2021","35,297.8","35,060.3","35,772.6","35,060.3","2.60M","1.36%"
"12/13/2021","36,010.0","36,010.0","36,247.5","35,693.5","3.12M","2.02%"
"12/14/2021","35,851.8","36,168.3","36,168.3","35,772.6","2.15M","-0.44%"
"12/15/2021","35,535.2","35,772.6","36,010.0","35,416.5","1.79M","-0.88%"
"12/16/2021","35,535.2","35,614.3","35,614.3","34,822.9","2.11M","0.00%"
"12/17/2021","35,535.2","35,535.2","36,010.0","34,902.0","2.33M","0.00%"
"12/20/2021","35,297.8","35,456.0","35,574.8","35,218.6","1.55M","-0.67%"
"12/21/2021","34,664.6","35,218.6","35,337.3","34,664.6","3.51M","-1.79%"
"12/22/2021","34,268.9","34,822.9","35,020.8","33,991.9","3.56M","-1.14%"
"12/23/2021","34,500.0","34,800.0","34,900.0","33,700.0","2.32M","0.67%"
"12/24/2021","35,000.0","34,500.0","35,400.0","34,500.0","1.53M","1.45%"
"12/27/2021","35,300.0","35,200.0","35,500.0","35,000.0","1.20M","0.86%"
"12/28/2021","35,200.0","35,500.0","35,500.0","34,900.0","1.36M","-0.28%"
"12/29/2021","35,200.0","35,550.0","35,550.0","35,100.0","1.58M","0.00%"
"12/30/2021","35,400.0","35,400.0","35,700.0","35,200.0","987.00K","0.57%"
"12/31/2021","37,100.0","35,600.0","37,700.0","35,500.0","4.86M","4.80%"
"01/04/2022","37,400.0","37,600.0","38,000.0","37,250.0","1.77M","0.81%"
"01/05/2022","37,050.0","37,900.0","37,900.0","36,900.0","1.92M","-0.94%"
"01/06/2022","38,000.0","36,500.0","38,800.0","36,250.0","6.00M","2.56%"
"01/07/2022","39,200.0","38,650.0","39,450.0","37,650.0","4.37M","3.16%"
"01/10/2022","38,850.0","39,200.0","40,300.0","38,800.0","3.18M","-0.89%"
"01/11/2022","39,400.0","38,800.0","39,900.0","38,300.0","4.28M","1.42%"
"01/12/2022","42,150.0","39,400.0","42,150.0","39,400.0","8.03M","6.98%"
"01/13/2022","44,000.0","42,500.0","45,100.0","42,500.0","9.66M","4.39%"
"01/14/2022","44,250.0","43,300.0","45,100.0","43,300.0","3.27M","0.57%"
"01/17/2022","43,650.0","44,000.0","47,000.0","43,600.0","7.74M","-1.36%"
"01/18/2022","44,900.0","43,400.0","45,450.0","43,400.0","4.85M","2.86%"
"01/19/2022","43,650.0","45,050.0","45,800.0","43,550.0","2.97M","-2.78%"
"01/20/2022","46,700.0","43,100.0","46,700.0","42,250.0","5.64M","6.99%"
"01/21/2022","47,350.0","47,050.0","48,800.0","46,500.0","4.57M","1.39%"
"01/24/2022","46,900.0","46,900.0","48,500.0","46,850.0","4.17M","-0.95%"
"01/25/2022","49,000.0","46,300.0","49,000.0","45,900.0","4.70M","4.48%"
"01/26/2022","48,100.0","49,500.0","49,950.0","48,100.0","4.05M","-1.84%"
"01/27/2022","47,600.0","48,000.0","48,500.0","47,400.0","1.92M","-1.04%"
"01/28/2022","47,950.0","47,600.0","49,000.0","47,300.0","2.96M","0.74%"
"02/07/2022","47,400.0","48,400.0","48,600.0","47,200.0","3.48M","-1.15%"
"02/08/2022","47,350.0","47,400.0","48,400.0","46,500.0","2.67M","-0.11%"
"02/09/2022","48,400.0","47,300.0","48,900.0","47,000.0","4.56M","2.22%"
"02/10/2022","48,400.0","48,600.0","48,900.0","48,000.0","2.74M","0.00%"
"02/11/2022","47,900.0","48,200.0","48,500.0","47,800.0","1.72M","-1.03%"
"02/14/2022","44,750.0","47,200.0","47,600.0","44,750.0","7.13M","-6.58%"
"02/15/2022","46,200.0","44,850.0","46,300.0","44,400.0","3.69M","3.24%"
"02/16/2022","45,150.0","46,100.0","46,100.0","44,700.0","2.80M","-2.27%"
"02/17/2022","46,000.0","45,700.0","46,000.0","44,700.0","1.79M","1.88%"
"02/18/2022","44,700.0","45,450.0","46,050.0","44,700.0","3.00M","-2.83%"
"02/21/2022","45,250.0","44,800.0","45,450.0","43,700.0","2.96M","1.23%"
"02/22/2022","46,000.0","44,900.0","46,000.0","44,700.0","2.29M","1.66%"
"02/23/2022","45,600.0","46,500.0","46,900.0","45,500.0","2.95M","-0.87%"
"02/24/2022","44,600.0","45,300.0","45,550.0","43,600.0","3.39M","-2.19%"
"02/25/2022","44,550.0","44,600.0","45,600.0","44,500.0","2.35M","-0.11%"
"02/28/2022","43,700.0","44,300.0","44,550.0","43,700.0","2.70M","-1.91%"
"03/01/2022","44,100.0","43,750.0","45,000.0","43,600.0","2.40M","0.92%"
"03/02/2022","42,450.0","43,700.0","44,000.0","42,350.0","3.09M","-3.74%"
"03/03/2022","42,800.0","42,350.0","43,200.0","42,000.0","2.47M","0.82%"
"03/04/2022","43,300.0","42,800.0","43,500.0","42,500.0","1.66M","1.17%"
"03/07/2022","42,250.0","42,800.0","42,800.0","42,150.0","2.27M","-2.42%"
"03/08/2022","41,600.0","41,800.0","42,550.0","41,400.0","2.59M","-1.54%"
"03/09/2022","40,500.0","41,600.0","41,900.0","40,500.0","1.97M","-2.64%"
"03/10/2022","40,950.0","41,500.0","42,000.0","40,950.0","1.56M","1.11%"
"03/11/2022","41,850.0","40,950.0","41,850.0","40,950.0","1.48M","2.20%"
"03/14/2022","41,300.0","41,850.0","42,200.0","41,300.0","1.34M","-1.31%"
"03/15/2022","42,100.0","41,300.0","42,200.0","41,000.0","1.52M","1.94%"
"03/16/2022","41,600.0","42,300.0","42,300.0","41,500.0","1.33M","-1.19%"
"03/17/2022","43,500.0","42,200.0","44,250.0","41,000.0","5.82M","4.57%"
"03/18/2022","43,900.0","43,700.0","44,600.0","43,500.0","2.79M","0.92%"
"03/21/2022","43,800.0","43,900.0","44,100.0","43,300.0","1.28M","-0.23%"
"03/22/2022","43,500.0","43,800.0","43,950.0","43,200.0","2.83M","-0.68%"
"03/23/2022","43,400.0","43,450.0","44,400.0","43,150.0","2.00M","-0.23%"
"03/24/2022","43,100.0","43,400.0","43,450.0","43,000.0","1.29M","-0.69%"
"03/25/2022","43,450.0","43,150.0","43,850.0","42,600.0","1.97M","0.81%"
"03/28/2022","41,600.0","43,000.0","43,450.0","41,450.0","3.98M","-4.26%"
"03/29/2022","42,400.0","41,700.0","42,500.0","41,500.0","1.73M","1.92%"
"03/30/2022","43,550.0","42,100.0","45,000.0","41,700.0","3.51M","2.71%"
"03/31/2022","43,500.0","43,750.0","43,950.0","43,400.0","1.44M","-0.11%"
"04/01/2022","44,350.0","43,500.0","44,500.0","43,400.0","3.17M","1.95%"
"04/04/2022","44,250.0","44,950.0","44,950.0","44,250.0","2.08M","-0.23%"
"04/05/2022","43,300.0","43,500.0","43,800.0","43,150.0","2.91M","-2.15%"
"04/06/2022","43,500.0","43,000.0","43,800.0","42,650.0","3.24M","0.46%"
"04/07/2022","43,050.0","43,500.0","44,350.0","43,050.0","3.15M","-1.03%"
"04/08/2022","41,900.0","43,000.0","43,200.0","41,800.0","3.15M","-2.67%"
"04/12/2022","40,450.0","42,300.0","42,300.0","40,450.0","3.19M","-3.46%"
"04/13/2022","40,900.0","40,500.0","41,400.0","40,100.0","2.00M","1.11%"
"04/14/2022","40,500.0","41,400.0","41,400.0","40,500.0","1.89M","-0.98%"
"04/15/2022","39,300.0","40,600.0","41,200.0","39,000.0","2.51M","-2.96%"
"04/18/2022","37,950.0","39,550.0","39,700.0","37,800.0","2.82M","-3.44%"
"04/19/2022","37,950.0","38,350.0","39,200.0","37,500.0","2.32M","0.00%"
"04/20/2022","37,950.0","37,950.0","38,800.0","37,850.0","1.46M","0.00%"
"04/21/2022","38,500.0","37,900.0","38,750.0","37,650.0","2.09M","1.45%"
"04/22/2022","38,500.0","38,600.0","39,100.0","38,000.0","2.63M","0.00%"
"04/25/2022","35,850.0","38,500.0","38,600.0","35,850.0","2.95M","-6.88%"
"04/26/2022","36,900.0","35,150.0","37,250.0","35,150.0","1.86M","2.93%"
"04/27/2022","37,200.0","37,000.0","37,500.0","36,450.0","748.10K","0.81%"
"04/28/2022","36,700.0","37,200.0","37,200.0","36,700.0","974.90K","-1.34%"
"04/29/2022","37,250.0","36,850.0","37,750.0","36,800.0","1.52M","1.50%"
"05/04/2022","37,250.0","37,250.0","37,700.0","36,950.0","1.56M","0.00%"
"05/05/2022","38,200.0","37,600.0","38,200.0","37,000.0","1.99M","2.55%"
"05/06/2022","37,000.0","37,350.0","37,850.0","37,000.0","1.58M","-3.14%"
"05/09/2022","34,450.0","36,600.0","36,900.0","34,450.0","2.41M","-6.89%"
"05/10/2022","35,800.0","34,100.0","35,900.0","33,500.0","1.73M","3.92%"
"05/11/2022","36,100.0","35,750.0","36,100.0","35,050.0","862.90K","0.84%"
"05/12/2022","33,600.0","35,400.0","35,800.0","33,600.0","1.51M","-6.93%"
"05/13/2022","31,800.0","33,800.0","34,000.0","31,800.0","2.35M","-5.36%"
"05/16/2022","32,200.0","33,200.0","33,250.0","32,200.0","1.28M","1.26%"
"05/17/2022","34,450.0","32,500.0","34,450.0","32,050.0","1.12M","6.99%"
"05/18/2022","34,900.0","34,900.0","35,500.0","34,200.0","1.29M","1.31%"
"05/19/2022","34,650.0","34,000.0","35,000.0","33,900.0","895.10K","-0.72%"
"05/20/2022","34,500.0","34,400.0","34,900.0","34,300.0","1.13M","-0.43%"
"05/23/2022","33,350.0","34,400.0","34,700.0","33,000.0","1.00M","-3.33%"
"05/24/2022","33,750.0","33,700.0","33,850.0","33,100.0","768.00K","1.20%"
"05/25/2022","34,900.0","34,000.0","35,100.0","34,000.0","1.07M","3.41%"
"05/26/2022","35,100.0","35,600.0","35,750.0","35,000.0","1.19M","0.57%"
"05/27/2022","35,300.0","35,100.0","35,400.0","34,900.0","891.00K","0.57%"
"05/30/2022","35,750.0","35,500.0","35,850.0","35,200.0","1.09M","1.27%"
"05/31/2022","35,300.0","35,500.0","35,600.0","35,000.0","1.03M","-1.26%"
"06/01/2022","35,150.0","35,100.0","35,550.0","34,950.0","1.07M","-0.42%"
"06/02/2022","34,700.0","35,150.0","35,200.0","34,500.0","905.20K","-1.28%"
"06/03/2022","34,350.0","34,700.0","34,750.0","34,000.0","570.70K","-1.01%"
"06/06/2022","34,200.0","34,350.0","34,650.0","33,800.0","918.80K","-0.44%"
"06/07/2022","33,600.0","34,100.0","34,200.0","33,100.0","1.17M","-1.75%"
"06/08/2022","34,300.0","33,700.0","34,800.0","33,650.0","982.90K","2.08%"
"06/09/2022","34,500.0","34,350.0","34,750.0","34,100.0","394.40K","0.58%"
"06/10/2022","33,800.0","34,050.0","34,300.0","33,800.0","786.00K","-2.03%"
"06/13/2022","31,950.0","33,050.0","33,350.0","31,950.0","1.45M","-5.47%"
"06/14/2022","32,300.0","31,900.0","32,800.0","31,100.0","1.18M","1.10%"
"06/15/2022","32,000.0","32,000.0","32,500.0","31,000.0","1.37M","-0.93%"
"06/16/2022","32,300.0","32,000.0","32,800.0","32,000.0","1.29M","0.94%"
"06/17/2022","31,600.0","31,950.0","31,950.0","31,200.0","1.22M","-2.17%"
"06/20/2022","29,500.0","31,700.0","31,800.0","29,500.0","972.60K","-6.65%"
"06/21/2022","30,300.0","29,100.0","30,650.0","28,950.0","1.40M","2.71%"
"06/22/2022","30,500.0","30,300.0","31,600.0","29,800.0","1.53M","0.66%"
"06/23/2022","31,000.0","30,500.0","31,000.0","30,050.0","422.30K","1.64%"
"06/24/2022","31,200.0","31,200.0","32,250.0","31,100.0","1.33M","0.65%"
"06/27/2022","31,750.0","31,300.0","31,800.0","31,150.0","826.30K","1.76%"
"06/28/2022","33,650.0","31,600.0","33,950.0","31,600.0","2.41M","5.98%"
"06/29/2022","34,900.0","33,000.0","34,900.0","33,000.0","2.34M","3.71%"
"06/30/2022","33,500.0","35,000.0","35,000.0","33,500.0","1.50M","-4.01%"
"07/01/2022","35,050.0","32,900.0","35,700.0","32,100.0","3.52M","4.63%"
"07/04/2022","35,050.0","35,500.0","35,750.0","34,900.0","1.83M","0.00%"
"07/05/2022","36,300.0","35,050.0","37,500.0","35,000.0","4.93M","3.57%"
"07/06/2022","35,600.0","35,800.0","36,900.0","35,500.0","2.73M","-1.93%"
"07/07/2022","36,300.0","35,400.0","36,650.0","34,300.0","2.82M","1.97%"
"07/08/2022","35,000.0","36,400.0","36,450.0","35,000.0","1.98M","-3.58%"
"07/11/2022","34,500.0","34,900.0","35,150.0","33,000.0","2.06M","-1.43%"
"07/12/2022","36,400.0","34,350.0","36,500.0","34,200.0","1.67M","5.51%"
"07/13/2022","36,050.0","36,200.0","37,200.0","35,800.0","2.66M","-0.96%"
"07/14/2022","36,150.0","35,800.0","36,900.0","35,750.0","1.50M","0.28%"
"07/15/2022","35,800.0","36,100.0","36,750.0","35,800.0","1.39M","-0.97%"
"07/18/2022","35,500.0","36,000.0","36,000.0","35,400.0","1.70M","-0.84%"
"07/19/2022","35,650.0","35,500.0","35,850.0","35,000.0","976.90K","0.42%"
"07/20/2022","36,400.0","36,200.0","36,900.0","35,950.0","1.59M","2.10%"
"07/21/2022","36,500.0","36,200.0","36,850.0","36,200.0","1.52M","0.27%"
"07/22/2022","35,500.0","36,900.0","36,900.0","35,500.0","1.25M","-2.74%"
"07/25/2022","35,400.0","35,500.0","35,900.0","34,800.0","1.20M","-0.28%"
"07/26/2022","35,550.0","35,800.0","36,000.0","35,500.0","885.80K","0.42%"
"07/27/2022","35,550.0","35,550.0","35,650.0","35,000.0","725.20K","0.00%"
"07/28/2022","36,500.0","36,000.0","36,850.0","35,700.0","2.05M","2.67%"
"07/29/2022","37,300.0","36,700.0","37,900.0","36,650.0","4.17M","2.19%"
"08/01/2022","39,000.0","37,400.0","39,000.0","37,300.0","3.37M","4.56%"
"08/02/2022","38,500.0","38,600.0","39,000.0","38,200.0","1.95M","-1.28%"
"08/03/2022","39,300.0","37,950.0","39,300.0","37,900.0","2.15M","2.08%"
"08/04/2022","39,300.0","39,300.0","39,650.0","38,500.0","2.42M","0.00%"
"08/05/2022","39,000.0","39,200.0","39,200.0","38,500.0","1.03M","-0.76%"
"08/08/2022","38,800.0","39,000.0","39,250.0","38,700.0","987.90K","-0.51%"
"08/09/2022","38,650.0","38,800.0","39,200.0","38,600.0","1.57M","-0.39%"
"08/10/2022","38,400.0","38,500.0","38,800.0","38,400.0","987.00K","-0.65%"
"08/11/2022","38,300.0","39,000.0","39,300.0","38,200.0","1.74M","-0.26%"
"08/12/2022","39,200.0","38,300.0","39,200.0","38,150.0","1.64M","2.35%"
"08/15/2022","41,000.0","39,300.0","41,150.0","39,300.0","3.77M","4.59%"
"08/16/2022","40,500.0","40,950.0","41,100.0","40,500.0","981.40K","-1.22%"
"08/17/2022","40,000.0","40,500.0","40,600.0","40,000.0","1.39M","-1.23%"
"08/18/2022","39,600.0","39,700.0","40,100.0","39,600.0","1.48M","-1.00%"
"08/19/2022","39,350.0","39,550.0","40,000.0","39,200.0","1.45M","-0.63%"
"08/22/2022","38,450.0","39,350.0","39,350.0","38,350.0","1.76M","-2.29%"
"08/23/2022","39,500.0","38,350.0","39,500.0","38,200.0","1.73M","2.73%"
"08/24/2022","39,300.0","39,700.0","39,800.0","38,950.0","969.80K","-0.51%"
"08/25/2022","39,300.0","39,000.0","39,500.0","38,950.0","1.27M","0.00%"
"08/26/2022","39,400.0","39,300.0","40,150.0","39,300.0","2.01M","0.25%"
"08/29/2022","39,000.0","38,600.0","39,300.0","38,150.0","1.35M","-1.02%"
"08/30/2022","39,800.0","39,050.0","40,450.0","39,000.0","2.33M","2.05%"
"08/31/2022","40,000.0","39,800.0","40,200.0","39,600.0","1.62M","0.50%"
"09/05/2022","39,500.0","40,000.0","40,050.0","39,250.0","803.80K","-1.25%"
"09/06/2022","40,050.0","39,500.0","40,550.0","39,450.0","1.78M","1.39%"
"09/07/2022","37,800.0","39,900.0","39,900.0","37,800.0","3.01M","-5.62%"
"09/08/2022","36,700.0","37,900.0","38,350.0","36,600.0","2.19M","-2.91%"
"09/09/2022","37,000.0","36,700.0","37,100.0","36,150.0","1.11M","0.82%"
"09/12/2022","36,900.0","37,000.0","37,500.0","36,800.0","937.80K","-0.27%"
"09/13/2022","36,800.0","36,900.0","37,250.0","36,650.0","840.20K","-0.27%"
"09/14/2022","36,500.0","36,000.0","36,500.0","35,950.0","933.10K","-0.82%"
"09/15/2022","35,750.0","36,500.0","36,800.0","35,650.0","1.95M","-2.05%"
"09/16/2022","35,500.0","36,000.0","36,200.0","35,500.0","974.90K","-0.70%"
"09/19/2022","34,200.0","35,450.0","35,450.0","34,100.0","1.28M","-3.66%"
"09/20/2022","35,150.0","34,300.0","35,250.0","34,300.0","1.12M","2.78%"
"09/21/2022","34,750.0","34,800.0","35,100.0","34,750.0","495.40K","-1.14%"
"09/22/2022","35,150.0","34,550.0","35,300.0","34,450.0","977.30K","1.15%"
"09/23/2022","34,750.0","35,600.0","35,600.0","34,500.0","785.40K","-1.14%"
"09/26/2022","33,400.0","34,100.0","34,250.0","32,400.0","2.02M","-3.88%"
"09/27/2022","33,700.0","33,500.0","34,050.0","33,000.0","607.30K","0.90%"
"09/28/2022","33,500.0","33,700.0","33,900.0","33,350.0","777.90K","-0.59%"
"09/29/2022","33,500.0","34,000.0","34,100.0","33,450.0","1.00M","0.00%"
"09/30/2022","33,900.0","32,800.0","33,900.0","32,300.0","1.82M","1.19%"
"10/03/2022","31,550.0","33,100.0","33,600.0","31,550.0","1.57M","-6.93%"
"10/04/2022","31,000.0","32,000.0","32,050.0","30,900.0","1.20M","-1.74%"
"10/05/2022","31,800.0","31,800.0","32,000.0","31,300.0","516.10K","2.58%"
"10/06/2022","31,000.0","31,950.0","31,950.0","31,000.0","915.80K","-2.52%"
"10/07/2022","29,200.0","30,500.0","30,600.0","28,900.0","1.72M","-5.81%"
"10/10/2022","30,000.0","28,150.0","30,450.0","28,000.0","1.00M","2.74%"
"10/11/2022","28,500.0","30,000.0","30,000.0","28,500.0","907.90K","-5.00%"
"10/12/2022","30,450.0","29,000.0","30,450.0","28,700.0","1.48M","6.84%"
"10/13/2022","32,450.0","30,550.0","32,450.0","30,450.0","1.41M","6.57%"
"10/14/2022","33,000.0","33,000.0","33,200.0","32,600.0","1.72M","1.69%"
"10/17/2022","32,700.0","32,950.0","32,950.0","31,700.0","1.09M","-0.91%"
"10/18/2022","32,800.0","33,000.0","33,450.0","32,700.0","882.40K","0.31%"
"10/19/2022","33,000.0","32,800.0","33,500.0","32,400.0","753.30K","0.61%"
"10/20/2022","33,150.0","32,600.0","34,000.0","32,500.0","1.48M","0.45%"
"10/21/2022","32,600.0","33,150.0","33,150.0","32,100.0","1.66M","-1.66%"
"10/24/2022","30,350.0","32,950.0","32,950.0","30,350.0","1.37M","-6.90%"
"10/25/2022","31,300.0","30,000.0","32,450.0","29,300.0","1.46M","3.13%"
"10/26/2022","31,700.0","31,500.0","32,500.0","31,300.0","684.00K","1.28%"
"10/27/2022","33,900.0","31,800.0","33,900.0","31,800.0","2.03M","6.94%"
"10/28/2022","33,800.0","34,300.0","34,950.0","33,800.0","2.11M","-0.29%"
"10/31/2022","34,550.0","33,800.0","34,850.0","33,700.0","2.66M","2.22%"
"11/01/2022","34,050.0","34,600.0","35,150.0","34,000.0","1.62M","-1.45%"
"11/02/2022","33,700.0","34,050.0","34,350.0","33,550.0","1.33M","-1.03%"
"11/03/2022","33,000.0","33,150.0","33,800.0","33,000.0","1.13M","-2.08%"
"11/04/2022","33,300.0","33,000.0","33,650.0","31,550.0","2.38M","0.91%"
"11/07/2022","33,300.0","32,800.0","34,100.0","32,800.0","1.58M","0.00%"
"11/08/2022","34,900.0","33,000.0","35,000.0","33,000.0","3.08M","4.80%"
"11/09/2022","36,150.0","35,100.0","36,800.0","35,050.0","4.50M","3.58%"
"11/10/2022","34,700.0","35,950.0","35,950.0","33,650.0","2.50M","-4.01%"
"11/11/2022","36,000.0","36,000.0","36,500.0","35,400.0","2.17M","3.75%"
"11/14/2022","35,900.0","35,600.0","36,900.0","34,900.0","1.33M","-0.28%"
"11/15/2022","33,400.0","35,000.0","35,750.0","33,400.0","1.89M","-6.96%"
"11/16/2022","35,700.0","31,900.0","35,700.0","31,550.0","1.60M","6.89%"
"11/17/2022","35,650.0","36,200.0","36,500.0","35,500.0","1.49M","-0.14%"
"11/18/2022","35,950.0","35,650.0","36,050.0","34,000.0","1.38M","0.84%"
"11/21/2022","35,500.0","36,500.0","36,500.0","35,500.0","1.29M","-1.25%"
"11/22/2022","36,450.0","34,600.0","36,750.0","34,600.0","2.11M","2.68%"
"11/23/2022","37,400.0","36,400.0","38,000.0","35,950.0","2.42M","2.61%"
"11/24/2022","38,000.0","37,200.0","38,400.0","36,800.0","1.79M","1.60%"
"11/25/2022","40,000.0","38,400.0","40,000.0","38,200.0","2.56M","5.26%"
"11/28/2022","39,500.0","40,000.0","40,600.0","39,000.0","2.61M","-1.25%"
"11/29/2022","41,000.0","39,500.0","41,000.0","38,850.0","2.55M","3.80%"
"11/30/2022","41,100.0","41,000.0","42,300.0","39,500.0","2.05M","0.24%"
"12/01/2022","39,000.0","41,100.0","41,500.0","39,000.0","1.94M","-5.11%"
"12/02/2022","41,200.0","39,000.0","41,300.0","38,950.0","1.50M","5.64%"
"12/05/2022","41,250.0","41,400.0","42,000.0","40,550.0","1.67M","0.12%"
"12/06/2022","39,100.0","41,100.0","41,100.0","39,100.0","2.67M","-5.21%"
"12/07/2022","39,000.0","39,500.0","39,500.0","38,500.0","1.80M","-0.26%"
"12/08/2022","39,000.0","39,200.0","41,200.0","38,800.0","2.73M","0.00%"
"12/09/2022","39,200.0","38,900.0","39,500.0","38,300.0","1.62M","0.51%"
"12/12/2022","38,100.0","39,400.0","39,900.0","38,100.0","1.98M","-2.81%"
"12/13/2022","38,700.0","38,050.0","39,500.0","38,050.0","1.71M","1.57%"
"12/14/2022","38,800.0","39,700.0","39,700.0","38,800.0","659.40K","0.26%"
"12/15/2022","39,000.0","38,600.0","39,850.0","38,600.0","1.46M","0.52%"
"12/16/2022","38,900.0","38,650.0","39,500.0","38,650.0","1.00M","-0.26%"
"12/19/2022","38,800.0","38,800.0","40,500.0","38,800.0","1.92M","-0.26%"
"12/20/2022","38,500.0","38,800.0","39,000.0","37,500.0","1.65M","-0.77%"
"12/21/2022","38,600.0","38,850.0","39,600.0","38,450.0","1.43M","0.26%"
"12/22/2022","39,000.0","38,850.0","39,900.0","38,750.0","1.34M","1.04%"
"12/23/2022","39,000.0","39,500.0","39,500.0","39,000.0","690.60K","0.00%"
"12/26/2022","38,800.0","39,000.0","39,100.0","38,750.0","1.26M","-0.51%"
"12/27/2022","40,000.0","38,800.0","40,000.0","38,700.0","1.50M","3.09%"
"12/28/2022","41,900.0","40,100.0","42,400.0","39,600.0","3.69M","4.75%"
"12/29/2022","40,000.0","42,000.0","42,100.0","40,000.0","1.27M","-4.53%"
"12/30/2022","38,600.0","40,250.0","41,500.0","38,600.0","2.62M","-3.50%"
"01/03/2023","41,200.0","39,300.0","41,200.0","39,050.0","1.73M","6.74%"
"01/04/2023","40,800.0","41,200.0","42,200.0","40,400.0","2.07M","-0.97%"
"01/05/2023","40,750.0","41,000.0","41,100.0","40,250.0","1.18M","-0.12%"
"01/06/2023","41,650.0","40,750.0","42,450.0","40,600.0","3.40M","2.21%"
"01/09/2023","41,000.0","42,200.0","42,200.0","40,850.0","1.33M","-1.56%"
"01/10/2023","41,300.0","41,600.0","41,700.0","40,750.0","924.00K","0.73%"
"01/11/2023","41,250.0","41,600.0","42,200.0","40,900.0","1.53M","-0.12%"
"01/12/2023","41,450.0","41,350.0","41,950.0","41,000.0","708.20K","0.48%"
"01/13/2023","41,800.0","41,600.0","42,200.0","41,600.0","1.63M","0.84%"
"01/16/2023","44,700.0","42,000.0","44,700.0","41,950.0","4.74M","6.94%"
"01/17/2023","44,950.0","45,000.0","45,300.0","44,600.0","1.50M","0.56%"
"01/18/2023","45,100.0","44,900.0","45,550.0","44,800.0","1.83M","0.33%"
"01/19/2023","45,950.0","45,100.0","46,300.0","44,950.0","1.66M","1.88%"
"01/27/2023","44,550.0","46,500.0","46,600.0","44,500.0","1.73M","-3.05%"
"01/30/2023","44,500.0","44,000.0","44,900.0","44,000.0","1.21M","-0.11%"
"01/31/2023","45,100.0","44,250.0","45,100.0","43,550.0","1.64M","1.35%"
"02/01/2023","42,800.0","45,350.0","45,500.0","42,600.0","2.51M","-5.10%"
"02/02/2023","43,150.0","42,750.0","43,600.0","42,100.0","2.86M","0.82%"
"02/03/2023","43,350.0","43,500.0","43,800.0","43,150.0","1.38M","0.46%"
"02/06/2023","45,000.0","43,300.0","45,000.0","42,900.0","1.75M","3.81%"
"02/07/2023","43,800.0","45,000.0","45,350.0","43,700.0","1.57M","-2.67%"
"02/08/2023","44,500.0","43,900.0","45,250.0","43,900.0","1.80M","1.60%"
"02/09/2023","44,000.0","44,500.0","45,000.0","44,000.0","1.18M","-1.12%"
"02/10/2023","42,950.0","44,400.0","44,550.0","42,950.0","1.40M","-2.39%"
"02/13/2023","44,400.0","42,950.0","44,400.0","42,950.0","1.59M","3.38%"
"02/14/2023","43,400.0","44,500.0","44,500.0","43,300.0","1.33M","-2.25%"
"02/15/2023","44,000.0","43,150.0","44,450.0","43,150.0","604.60K","1.38%"
"02/16/2023","45,000.0","44,700.0","45,000.0","44,000.0","1.07M","2.27%"
"02/17/2023","45,800.0","45,000.0","45,800.0","44,950.0","1.49M","1.78%"
"02/20/2023","47,200.0","45,800.0","47,350.0","45,800.0","1.51M","3.06%"
"02/21/2023","46,250.0","47,200.0","47,300.0","46,250.0","996.60K","-2.01%"
"02/22/2023","45,000.0","45,850.0","46,000.0","45,000.0","994.10K","-2.70%"
"02/23/2023","45,550.0","44,950.0","45,550.0","43,700.0","1.28M","1.22%"
"02/24/2023","44,600.0","45,050.0","45,550.0","44,400.0","497.90K","-2.09%"
"02/27/2023","44,250.0","44,500.0","44,500.0","43,600.0","939.20K","-0.78%"
"02/28/2023","44,100.0","44,250.0","44,600.0","44,050.0","257.60K","-0.34%"
"03/01/2023","45,650.0","44,000.0","45,650.0","43,800.0","740.90K","3.51%"
"03/02/2023","46,400.0","45,650.0","46,500.0","45,400.0","976.20K","1.64%"
"03/03/2023","45,900.0","46,400.0","46,500.0","45,250.0","735.40K","-1.08%"
"03/06/2023","45,800.0","45,900.0","47,000.0","45,300.0","864.90K","-0.22%"
"03/07/2023","46,900.0","45,500.0","47,100.0","45,500.0","1.63M","2.40%"
"03/08/2023","48,000.0","46,400.0","48,000.0","45,900.0","1.23M","2.35%"
"03/09/2023","47,650.0","48,000.0","48,000.0","47,050.0","1.17M","-0.73%"
"03/10/2023","47,150.0","47,450.0","47,450.0","46,950.0","862.20K","-1.05%"
"03/13/2023","46,250.0","46,600.0","46,900.0","46,250.0","933.70K","-1.91%"
"03/14/2023","45,050.0","46,100.0","46,350.0","44,750.0","1.44M","-2.59%"
"03/15/2023","46,800.0","46,000.0","47,400.0","45,450.0","628.40K","3.88%"
"03/16/2023","46,250.0","46,050.0","46,900.0","46,050.0","875.70K","-1.18%"
"03/17/2023","46,300.0","47,000.0","47,000.0","46,000.0","310.70K","0.11%"
"03/20/2023","45,350.0","46,000.0","46,000.0","45,000.0","585.80K","-2.05%"
"03/21/2023","45,350.0","45,400.0","45,750.0","44,800.0","741.60K","0.00%"
"03/22/2023","46,100.0","45,750.0","46,200.0","45,450.0","560.80K","1.65%"
"03/23/2023","45,900.0","45,300.0","46,000.0","45,300.0","414.90K","-0.43%"
"03/24/2023","45,550.0","45,900.0","46,300.0","45,500.0","364.60K","-0.76%"
"03/27/2023","46,000.0","45,550.0","46,150.0","45,000.0","672.20K","0.99%"
"03/28/2023","46,000.0","46,500.0","46,800.0","46,000.0","504.00K","0.00%"
"03/29/2023","46,200.0","46,000.0","46,350.0","45,550.0","303.10K","0.43%"
"03/30/2023","46,200.0","46,250.0","46,600.0","46,200.0","699.70K","0.00%"
"03/31/2023","46,200.0","46,200.0","47,000.0","46,050.0","643.70K","0.00%"
"04/03/2023","45,900.0","46,650.0","46,800.0","45,800.0","1.26M","-0.65%"
"04/04/2023","46,000.0","45,900.0","46,150.0","45,700.0","889.60K","0.22%"
"04/05/2023","45,500.0","46,000.0","46,300.0","45,300.0","1.36M","-1.09%"
"04/06/2023","46,000.0","45,500.0","46,500.0","45,300.0","1.51M","1.10%"
"04/07/2023","45,650.0","45,750.0","46,000.0","45,500.0","731.90K","-0.76%"
"04/10/2023","44,700.0","45,800.0","45,800.0","44,700.0","1.81M","-2.08%"
"04/11/2023","44,400.0","44,450.0","44,650.0","44,150.0","1.23M","-0.67%"
"04/12/2023","44,400.0","44,500.0","44,800.0","44,200.0","775.50K","0.00%"
"04/13/2023","44,950.0","44,400.0","45,000.0","44,400.0","779.00K","1.24%"
"04/14/2023","44,450.0","45,000.0","45,000.0","44,450.0","618.70K","-1.11%"
"04/17/2023","45,000.0","44,450.0","45,100.0","44,400.0","716.60K","1.24%"
"04/18/2023","44,600.0","44,800.0","45,000.0","44,300.0","639.70K","-0.89%"
"04/19/2023","44,400.0","44,750.0","44,750.0","44,200.0","452.10K","-0.45%"
"04/20/2023","44,600.0","44,350.0","44,600.0","44,150.0","256.90K","0.45%"
"04/21/2023","44,200.0","44,600.0","44,600.0","44,200.0","354.50K","-0.90%"
"04/24/2023","43,700.0","44,200.0","44,200.0","43,700.0","462.90K","-1.13%"
"04/25/2023","43,550.0","43,600.0","43,900.0","43,150.0","539.20K","-0.34%"
"04/26/2023","44,100.0","43,500.0","44,300.0","43,200.0","405.10K","1.26%"
"04/27/2023","43,900.0","44,100.0","44,100.0","43,500.0","163.10K","-0.45%"
"04/28/2023","43,500.0","43,950.0","44,100.0","43,500.0","414.60K","-0.91%"
"05/04/2023","43,750.0","43,500.0","44,200.0","43,300.0","376.50K","0.57%"
"05/05/2023","43,450.0","43,800.0","43,850.0","43,450.0","296.50K","-0.69%"
"05/08/2023","44,700.0","43,550.0","45,500.0","43,550.0","1.13M","2.88%"
"05/09/2023","45,100.0","44,700.0","45,350.0","44,700.0","650.90K","0.89%"
"05/10/2023","45,000.0","45,300.0","45,300.0","44,500.0","595.00K","-0.22%"
"05/11/2023","45,000.0","45,000.0","45,250.0","44,800.0","510.50K","0.00%"
"05/12/2023","45,000.0","45,000.0","45,100.0","44,550.0","428.30K","0.00%"
"05/15/2023","44,900.0","46,000.0","46,000.0","44,900.0","435.50K","-0.22%"
"05/16/2023","45,000.0","45,100.0","45,100.0","44,750.0","429.20K","0.22%"
"05/17/2023","44,800.0","45,000.0","45,100.0","44,800.0","865.90K","-0.44%"
"05/18/2023","44,650.0","44,900.0","44,950.0","44,500.0","514.70K","-0.33%"
"05/19/2023","44,400.0","44,600.0","44,950.0","44,300.0","603.20K","-0.56%"
"05/22/2023","44,400.0","44,400.0","44,950.0","44,400.0","607.80K","0.00%"
"05/23/2023","43,850.0","44,900.0","44,900.0","43,850.0","753.50K","-1.24%"
"05/24/2023","43,500.0","44,000.0","44,000.0","43,500.0","767.10K","-0.80%"
"05/25/2023","43,750.0","43,500.0","44,000.0","43,450.0","655.40K","0.57%"
"05/26/2023","43,400.0","44,100.0","44,100.0","43,400.0","544.80K","-0.80%"
"05/29/2023","43,900.0","43,950.0","43,950.0","43,400.0","668.10K","1.15%"
"05/30/2023","43,800.0","44,000.0","44,000.0","43,600.0","800.80K","-0.23%"
"05/31/2023","44,000.0","43,800.0","44,000.0","43,550.0","770.80K","0.46%"
"06/01/2023","43,700.0","44,000.0","44,000.0","43,650.0","589.50K","-0.68%"