Date,Price,Open,High,Low,Vol.,Change %
1/2/2019,"25,639.00","26,327.80","26,327.80","25,600.70",1.01M,-2.62%
1/3/2019,"24,491.00","25,639.00","25,868.60","24,491.00",1.39M,-4.48%
1/4/2019,"24,146.60","24,108.30","24,452.70","23,572.60",1.83M,-1.41%
1/7/2019,"24,720.60","24,491.00","25,256.30","24,491.00",1.01M,2.38%
1/8/2019,"24,491.00","24,950.20","24,950.20","24,414.40",702.48K,-0.93%
1/9/2019,"25,256.30","24,720.60","25,294.60","24,567.50",1.35M,3.12%
1/10/2019,"24,873.70","25,256.30","25,332.90","24,873.70",516.52K,-1.51%
1/11/2019,"24,414.40","24,873.70","25,103.30","24,376.20",1.18M,-1.85%
1/14/2019,"24,414.40","24,414.40","24,758.90","24,070.00",950.72K,0.00%
1/15/2019,"24,873.70","24,299.60","25,103.30","24,299.60",730.36K,1.88%
1/16/2019,"24,644.10","25,026.70","25,065.00","24,644.10",457.40K,-0.92%
1/17/2019,"24,452.70","24,644.10","24,797.10","24,414.40",374.24K,-0.78%
1/18/2019,"24,261.40","24,452.70","24,720.60","24,223.10",640.35K,-0.78%
1/21/2019,"25,141.50","24,491.00","25,524.20","24,261.40",1.52M,3.63%
1/22/2019,"25,065.00","25,179.80","25,332.90","25,026.70",709.27K,-0.30%
1/23/2019,"25,026.70","24,797.10","25,141.50","24,567.50",575.72K,-0.15%
1/24/2019,"24,873.70","24,911.90","25,141.50","24,873.70",728.89K,-0.61%
1/25/2019,"24,529.30","25,026.70","25,026.70","24,491.00",718.12K,-1.38%
1/28/2019,"24,414.40","24,529.30","24,758.90","24,337.90",685.69K,-0.47%
1/29/2019,"24,261.40","24,414.40","24,414.40","24,146.60",799.76K,-0.63%
1/30/2019,"24,261.40","24,414.40","24,682.30","24,184.80",540.07K,0.00%
1/31/2019,"24,108.30","24,644.10","24,644.10","24,108.30",852.88K,-0.63%
2/1/2019,"24,184.80","24,070.00","24,376.20","24,031.80",675.45K,0.32%
2/11/2019,"24,452.70","24,567.50","24,682.30","24,337.90",794.50K,1.11%
2/12/2019,"24,835.40","24,529.30","25,026.70","24,529.30",1.76M,1.57%
2/13/2019,"24,873.70","24,911.90","24,950.20","24,682.30",1.96M,0.15%
2/14/2019,"24,797.10","24,873.70","24,911.90","24,758.90",1.28M,-0.31%
2/15/2019,"25,371.10","24,758.90","25,868.60","24,567.50",2.04M,2.31%
2/18/2019,"25,639.00","25,639.00","25,792.10","25,409.40",1.20M,1.06%
2/19/2019,"25,179.80","25,639.00","25,830.30","25,179.80",1.44M,-1.79%
2/20/2019,"26,021.70","25,103.30","26,710.50","24,988.50",2.97M,3.34%
2/21/2019,"26,213.00","26,213.00","26,519.10","26,021.70",2.71M,0.74%
2/22/2019,"26,021.70","26,174.70","26,557.40","26,021.70",1.84M,-0.73%
2/25/2019,"26,021.70","26,404.30","26,404.30","25,792.10",2.12M,0.00%
2/26/2019,"25,715.50","25,792.10","26,021.70","25,639.00",1.77M,-1.18%
2/27/2019,"25,715.50","25,715.50","25,983.40","25,639.00",942.09K,0.00%
2/28/2019,"24,873.70","25,715.50","25,830.30","24,873.70",2.26M,-3.27%
3/1/2019,"25,141.50","24,950.20","25,332.90","24,950.20",1.45M,1.08%
3/4/2019,"25,715.50","25,332.90","25,830.30","25,256.30",1.15M,2.28%
3/5/2019,"26,480.90","25,409.40","27,016.60","25,409.40",5.30M,2.98%
3/6/2019,"26,595.70","26,480.90","26,710.50","26,327.80",2.01M,0.43%
3/7/2019,"26,710.50","26,787.00","26,978.30","26,557.40",2.14M,0.43%
3/8/2019,"26,021.70","26,366.10","26,557.40","25,945.10",2.28M,-2.58%
3/11/2019,"25,753.80","26,098.20","26,098.20","25,600.70",1.43M,-1.03%
3/12/2019,"27,169.70","26,098.20","27,169.70","25,868.60",2.13M,5.50%
3/13/2019,"27,246.20","27,016.60","27,514.10","26,940.10",3.60M,0.28%
3/14/2019,"27,705.40","27,246.20","28,088.10","26,940.10",3.33M,1.69%
3/15/2019,"28,470.80","27,705.40","28,700.40","27,475.80",4.00M,2.76%
3/18/2019,"28,547.30","28,470.80","28,776.90","28,241.20",3.68M,0.27%
3/19/2019,"28,011.60","28,432.50","28,547.30","27,935.00",3.55M,-1.88%
3/20/2019,"27,628.90","27,667.20","27,935.00","27,169.70",3.40M,-1.37%
3/21/2019,"26,633.90","27,743.70","28,049.80","26,633.90",2.82M,-3.60%
3/22/2019,"26,863.50","27,093.20","27,322.80","26,633.90",2.36M,0.86%
3/25/2019,"26,404.30","26,098.20","26,787.00","25,639.00",2.63M,-1.71%
3/26/2019,"26,251.30","26,710.50","26,863.50","26,174.70",1.31M,-0.58%
3/27/2019,"26,710.50","26,672.20","26,863.50","26,251.30",1.56M,1.75%
3/28/2019,"27,246.20","26,366.10","27,437.60","26,366.10",2.76M,2.01%
3/29/2019,"27,399.30","27,246.20","27,552.40","27,246.20",2.08M,0.56%
4/1/2019,"27,169.70","27,399.30","27,782.00","27,016.60",1.14M,-0.84%
4/2/2019,"26,633.90","27,552.40","27,552.40","26,633.90",1.83M,-1.97%
4/3/2019,"27,322.80","26,633.90","27,628.90","26,366.10",2.38M,2.59%
4/4/2019,"27,016.60","27,552.40","27,552.40","26,901.80",1.33M,-1.12%
4/5/2019,"26,825.30","27,016.60","27,322.80","26,633.90",927.74K,-0.71%
4/8/2019,"27,169.70","26,633.90","27,208.00","26,633.90",1.31M,1.28%
4/9/2019,"27,361.00","27,169.70","27,705.40","27,169.70",2.62M,0.70%
4/10/2019,"26,940.10","27,361.00","27,399.30","26,940.10",657.17K,-1.54%
4/11/2019,"26,901.80","27,016.60","27,169.70","26,748.70",809.91K,-0.14%
4/12/2019,"26,595.70","26,863.50","26,940.10","26,557.40",1.12M,-1.14%
4/16/2019,"27,169.70","26,480.90","27,246.20","26,174.70",1.77M,2.16%
4/17/2019,"26,633.90","27,169.70","27,169.70","26,633.90",1.07M,-1.97%
4/18/2019,"26,633.90","26,633.90","27,093.20","26,519.10",1.28M,0.00%
4/19/2019,"26,672.20","26,633.90","26,940.10","26,557.40",369.60K,0.14%
4/22/2019,"26,174.70","26,672.20","26,672.20","25,983.40",864.62K,-1.87%
4/23/2019,"26,174.70","26,480.90","26,480.90","25,983.40",1.26M,0.00%
4/24/2019,"26,480.90","26,404.30","26,633.90","26,251.30",676.77K,1.17%
4/25/2019,"26,404.30","26,480.90","26,787.00","26,404.30",584.35K,-0.29%
4/26/2019,"26,633.90","26,404.30","26,710.50","26,404.30",608.98K,0.87%
5/2/2019,"26,404.30","26,787.00","26,787.00","26,404.30",608.05K,-0.86%
5/3/2019,"26,174.70","26,404.30","26,633.90","26,174.70",698.44K,-0.87%
5/6/2019,"25,332.90","25,753.80","25,945.10","25,256.30",1.53M,-3.22%
5/7/2019,"25,332.90","25,485.90","25,945.10","25,179.80",1.19M,0.00%
5/8/2019,"24,758.90","25,026.70","25,256.30","24,758.90",1.42M,-2.27%
5/9/2019,"23,802.20","24,988.50","25,103.30","23,725.60",2.44M,-3.86%
5/10/2019,"24,491.00","24,108.30","24,644.10","24,031.80",1.38M,2.89%
5/13/2019,"25,026.70","24,491.00","25,103.30","24,491.00",979.04K,2.19%
5/14/2019,"24,797.10","24,835.40","24,950.20","24,491.00",1.37M,-0.92%
5/15/2019,"25,179.80","24,950.20","25,332.90","24,720.60",1.84M,1.54%
5/16/2019,"24,950.20","25,218.10","25,256.30","24,835.40",976.23K,-0.91%
5/17/2019,"24,605.80","25,026.70","25,026.70","24,491.00",1.18M,-1.38%
5/20/2019,"25,026.70","24,567.50","25,179.80","24,567.50",1.21M,1.71%
5/21/2019,"25,294.60","25,026.70","25,447.70","24,950.20",2.16M,1.07%
5/22/2019,"25,409.40","25,294.60","25,715.50","25,294.60",1.59M,0.45%
5/23/2019,"25,562.50","25,256.30","25,562.50","24,950.20",1.00M,0.60%
5/24/2019,"24,873.70","25,332.90","25,447.70","24,873.70",1.90M,-2.69%
5/27/2019,"24,950.20","24,873.70","25,026.70","24,797.10",661.59K,0.31%
5/28/2019,"24,720.60","24,873.70","25,103.30","24,605.80",1.11M,-0.92%
5/29/2019,"24,491.00","24,720.60","24,835.40","24,452.70",1.13M,-0.93%
5/30/2019,"24,337.90","24,644.10","24,720.60","24,337.90",844.96K,-0.63%
5/31/2019,"24,108.30","24,223.10","24,414.40","24,070.00",1.15M,-0.94%
6/3/2019,"23,419.50","24,031.80","24,108.30","23,419.50",1.63M,-2.86%
6/4/2019,"24,491.00","23,419.50","24,491.00","23,381.20",1.09M,4.58%
6/5/2019,"24,031.80","24,491.00","24,644.10","24,031.80",607.13K,-1.87%
6/6/2019,"23,955.20","24,031.80","24,261.40","23,649.10",414.54K,-0.32%
6/7/2019,"24,261.40","23,955.20","24,261.40","23,955.20",577.67K,1.28%
6/10/2019,"24,261.40","24,337.90","24,567.50","24,261.40",593.04K,0.00%
6/11/2019,"24,414.40","24,337.90","24,491.00","24,184.80",734.99K,0.63%
6/12/2019,"24,108.30","24,261.40","24,414.40","24,070.00",441.84K,-1.25%
6/13/2019,"24,108.30","24,031.80","24,299.60","24,031.80",363.65K,0.00%
6/14/2019,"24,605.80","24,261.40","24,682.30","24,108.30",2.00M,2.06%
6/17/2019,"24,567.50","24,644.10","24,911.90","24,452.70",872.48K,-0.16%
6/18/2019,"24,491.00","24,414.40","24,567.50","24,261.40",344.21K,-0.31%
6/19/2019,"24,491.00","24,797.10","24,797.10","24,452.70",580.83K,0.00%
6/20/2019,"24,988.50","24,491.00","25,026.70","24,414.40",1.44M,2.03%
6/21/2019,"24,873.70","25,026.70","25,218.10","24,835.40",630.94K,-0.46%
6/24/2019,"24,950.20","24,988.50","25,256.30","24,797.10",943.43K,0.31%
6/25/2019,"24,567.50","24,950.20","25,026.70","24,567.50",923.72K,-1.53%
6/26/2019,"24,873.70","24,491.00","24,911.90","24,414.40",1.32M,1.25%
6/27/2019,"24,491.00","24,835.40","24,835.40","24,491.00",836.14K,-1.54%
6/28/2019,"24,261.40","24,491.00","24,644.10","24,031.80",821.52K,-0.94%
7/1/2019,"24,758.90","24,644.10","24,873.70","24,567.50",692.29K,2.05%
7/2/2019,"24,529.30","24,567.50","24,797.10","24,529.30",571.93K,-0.93%
7/3/2019,"24,567.50","24,491.00","24,797.10","24,491.00",515.51K,0.16%
7/4/2019,"25,103.30","24,797.10","25,141.50","24,644.10",1.44M,2.18%
7/5/2019,"25,103.30","24,988.50","25,409.40","24,950.20",1.52M,0.00%
7/8/2019,"24,911.90","25,179.80","25,179.80","24,797.10",709.57K,-0.76%
7/9/2019,"24,950.20","24,797.10","25,026.70","24,797.10",507.71K,0.15%
7/10/2019,"24,797.10","24,950.20","25,141.50","24,797.10",879.25K,-0.61%
7/11/2019,"25,600.70","24,950.20","25,639.00","24,797.10",3.10M,3.24%
7/12/2019,"25,562.50","25,639.00","25,868.60","25,485.90",1.78M,-0.15%
7/15/2019,"25,485.90","25,485.90","25,639.00","25,447.70",1.15M,-0.30%
7/16/2019,"26,442.60","25,600.70","26,442.60","25,600.70",4.14M,3.75%
7/17/2019,"26,442.60","26,404.30","26,710.50","26,213.00",1.95M,0.00%
7/18/2019,"26,557.40","26,366.10","26,557.40","26,174.70",1.81M,0.43%
7/19/2019,"26,710.50","26,787.00","27,093.20","26,557.40",2.15M,0.58%
7/22/2019,"27,361.00","26,940.10","27,514.10","26,787.00",3.60M,2.44%
7/23/2019,"26,978.30","27,361.00","27,361.00","26,557.40",2.68M,-1.40%
7/24/2019,"26,366.10","27,093.20","27,093.20","26,174.70",2.37M,-2.27%
7/25/2019,"26,940.10","26,251.30","26,940.10","26,251.30",1.66M,2.18%
7/26/2019,"27,399.30","26,787.00","27,475.80","26,787.00",2.75M,1.70%
7/29/2019,"27,399.30","27,322.80","27,399.30","27,016.60",1.70M,0.00%
7/30/2019,"26,787.00","27,246.20","27,246.20","26,748.70",2.04M,-2.23%
7/31/2019,"27,169.70","26,787.00","27,169.70","26,557.40",1.17M,1.43%
8/1/2019,"27,131.40","27,169.70","27,169.70","26,825.30",936.57K,-0.14%
8/2/2019,"27,399.30","26,787.00","27,552.40","26,710.50",2.29M,0.99%
8/5/2019,"27,399.30","27,169.70","27,399.30","27,131.40",2.48M,0.00%
8/6/2019,"26,940.10","26,404.30","27,284.50","26,404.30",1.55M,-1.68%
8/7/2019,"26,557.40","27,054.90","27,169.70","26,557.40",1.36M,-1.42%
8/8/2019,"26,557.40","26,557.40","26,901.80","26,519.10",1.14M,0.00%
8/9/2019,"26,557.40","26,787.00","26,787.00","26,174.70",1.26M,0.00%
8/12/2019,"27,054.90","26,672.20","27,093.20","26,059.90",1.73M,1.87%
8/13/2019,"26,710.50","26,825.30","27,093.20","26,595.70",1.03M,-1.27%
8/14/2019,"26,863.50","27,016.60","27,093.20","26,595.70",654.82K,0.57%
8/15/2019,"26,863.50","26,404.30","26,863.50","26,404.30",693.16K,0.00%
8/16/2019,"27,552.40","26,787.00","28,088.10","26,710.50",4.07M,2.56%
8/19/2019,"28,088.10","27,935.00","28,317.70","27,782.00",1.42M,1.94%
8/20/2019,"28,164.60","28,279.40","28,279.40","27,973.30",1.01M,0.27%
8/21/2019,"28,968.20","27,935.00","29,274.40","27,935.00",3.38M,2.85%
8/22/2019,"28,776.90","29,083.00","29,159.60","28,700.40",2.04M,-0.66%
8/23/2019,"28,738.60","28,930.00","28,930.00","28,432.50",1.23M,-0.13%
8/26/2019,"28,968.20","28,241.20","28,968.20","28,011.60",2.27M,0.80%
8/27/2019,"28,700.40","29,312.60","29,389.20","28,700.40",1.47M,-0.92%
8/28/2019,"28,776.90","28,700.40","29,083.00","28,623.80",1.17M,0.27%
8/29/2019,"29,006.50","28,776.90","29,006.50","28,585.60",1.67M,0.80%
8/30/2019,"29,657.10","29,236.10","29,695.30","29,044.80",2.75M,2.24%
9/3/2019,"29,618.80","29,695.30","29,924.90","29,580.50",1.04M,-0.13%
9/4/2019,"29,542.20","29,618.80","29,695.30","29,083.00",1.16M,-0.26%
9/5/2019,"29,465.70","29,695.30","29,886.70","29,465.70",1.18M,-0.26%
9/6/2019,"29,083.00","29,465.70","29,465.70","28,738.60",1.92M,-1.30%
9/9/2019,"29,159.60","29,083.00","29,159.60","28,891.70",1.01M,0.26%
9/10/2019,"29,312.60","29,044.80","29,542.20","28,930.00",1.26M,0.52%
9/11/2019,"29,236.10","29,083.00","29,389.20","29,044.80",653.09K,-0.26%
9/12/2019,"29,580.50","29,350.90","29,657.10","29,083.00",2.22M,1.18%
9/13/2019,"30,498.90","29,733.60","30,498.90","29,542.20",2.90M,3.10%
9/16/2019,"30,613.70","30,498.90","31,226.00","30,460.70",1.57M,0.38%
9/17/2019,"31,379.10","30,384.10","31,379.10","30,154.50",1.97M,2.50%
9/18/2019,"31,493.90","31,302.50","31,570.40","31,034.70",2.05M,0.37%
9/19/2019,"31,226.00","31,532.10","31,570.40","31,187.70",1.29M,-0.85%
9/20/2019,"30,613.70","31,226.00","31,455.60","30,460.70",2.77M,-1.96%
9/23/2019,"30,345.90","30,384.10","30,996.40","30,307.60",1.37M,-0.87%
9/24/2019,"30,192.80","30,460.70","30,613.70","30,192.80",1.03M,-0.50%
9/25/2019,"30,537.20","30,039.70","30,537.20","29,771.90",1.82M,1.14%
9/26/2019,"30,728.50","30,537.20","31,149.50","30,537.20",1.12M,0.63%
9/27/2019,"30,805.10","30,843.30","30,919.90","30,652.00",1.10M,0.25%
9/30/2019,"30,154.50","30,766.80","31,111.20","30,154.50",1.80M,-2.11%
10/1/2019,"30,613.70","30,154.50","30,613.70","30,154.50",1.08M,1.52%
10/2/2019,"30,766.80","30,613.70","31,226.00","30,575.50",1.89M,0.50%
10/3/2019,"31,570.40","30,460.70","31,570.40","30,422.40",2.44M,2.61%
10/4/2019,"30,996.40","31,608.70","31,876.50","30,996.40",1.11M,-1.82%
10/7/2019,"30,919.90","31,302.50","31,302.50","30,613.70",1.02M,-0.25%
10/8/2019,"31,455.60","30,919.90","31,455.60","30,690.30",818.03K,1.73%
10/9/2019,"31,570.40","31,455.60","31,991.30","31,226.00",1.78M,0.36%
10/10/2019,"31,379.10","31,570.40","31,914.80","31,379.10",1.33M,-0.61%
10/11/2019,"31,226.00","31,379.10","31,532.10","31,149.50",695.06K,-0.49%
10/14/2019,"31,493.90","31,379.10","32,106.10","31,264.30",1.74M,0.86%
10/15/2019,"31,685.20","31,379.10","31,800.00","31,379.10",794.63K,0.61%
10/16/2019,"31,493.90","31,685.20","31,876.50","31,493.90",817.67K,-0.60%
10/17/2019,"31,226.00","31,646.90","31,646.90","31,226.00",1.01M,-0.85%
10/18/2019,"30,690.30","31,226.00","31,226.00","30,613.70",1.54M,-1.72%
10/21/2019,"30,078.00","30,384.10","30,613.70","30,078.00",1.61M,-2.00%
10/22/2019,"30,613.70","30,078.00","30,613.70","30,078.00",712.05K,1.78%
10/23/2019,"30,690.30","30,613.70","30,843.30","30,498.90",573.21K,0.25%
10/24/2019,"30,843.30","30,690.30","30,996.40","30,422.40",645.41K,0.50%
10/25/2019,"30,766.80","30,613.70","31,034.70","30,460.70",1.22M,-0.25%
10/28/2019,"31,072.90","31,455.60","31,532.10","31,072.90",1.01M,0.99%
10/29/2019,"31,072.90","31,302.50","31,302.50","30,613.70",1.16M,0.00%
10/30/2019,"30,766.80","30,996.40","31,226.00","30,728.50",956.37K,-0.99%
10/31/2019,"31,072.90","30,766.80","31,149.50","30,652.00",978.09K,0.99%
11/1/2019,"31,379.10","30,996.40","31,455.60","30,843.30",1.48M,0.99%
11/4/2019,"32,297.50","31,455.60","32,488.80","31,455.60",2.19M,2.93%
11/5/2019,"32,527.10","32,374.00","32,527.10","32,259.20",1.13M,0.71%
11/6/2019,"32,297.50","32,412.30","32,680.20","32,297.50",1.03M,-0.71%
11/7/2019,"32,375.30","32,141.80","32,531.00","31,752.70",1.39M,0.24%
11/8/2019,"32,141.80","32,531.00","32,686.60","32,064.00",917.97K,-0.72%
11/11/2019,"32,141.80","32,102.90","32,608.80","31,986.20",911.14K,0.00%
11/12/2019,"32,764.40","32,219.70","32,842.30","32,141.80",1.89M,1.94%
11/13/2019,"33,387.10","32,842.30","33,387.10","32,842.30",2.27M,1.90%
11/14/2019,"33,075.70","33,464.90","33,464.90","32,764.40",1.02M,-0.93%
11/15/2019,"32,686.60","33,192.50","33,231.40","32,686.60",789.40K,-1.18%
11/18/2019,"32,141.80","32,531.00","32,842.30","32,102.90",1.21M,-1.67%
11/19/2019,"32,414.20","32,141.80","32,453.10","31,986.20",850.26K,0.85%
11/20/2019,"32,336.40","32,608.80","32,608.80","32,102.90",310.05K,-0.24%
11/21/2019,"32,064.00","32,297.50","32,453.10","32,025.10",769.32K,-0.84%
11/22/2019,"31,285.80","32,297.50","32,297.50","30,974.50",1.31M,-2.43%
11/25/2019,"30,896.60","31,285.80","31,597.10","30,741.00",1.03M,-1.24%
11/26/2019,"31,130.10","31,363.60","31,558.20","30,974.50",511.31K,0.76%
11/27/2019,"31,752.70","31,207.90","32,219.70","31,207.90",1.33M,2.00%
11/28/2019,"31,636.00","31,908.40","31,908.40","31,480.30",498.40K,-0.37%
11/29/2019,"31,519.20","31,519.20","31,830.50","31,519.20",492.54K,-0.37%
12/2/2019,"30,663.20","31,363.60","31,363.60","30,663.20",882.97K,-2.72%
12/3/2019,"30,896.60","30,663.20","31,169.00","30,351.90",989.60K,0.76%
12/4/2019,"31,402.50","30,896.60","31,558.20","30,818.80",443.10K,1.64%
12/5/2019,"31,130.10","31,558.20","31,597.10","30,857.70",495.08K,-0.87%
12/6/2019,"30,857.70","30,896.60","31,285.80","30,779.90",471.55K,-0.88%
12/9/2019,"31,130.10","31,130.10","31,130.10","30,857.70",450.97K,0.88%
12/10/2019,"31,052.30","31,130.10","31,402.50","30,935.60",522.78K,-0.25%
12/11/2019,"31,207.90","31,052.30","31,207.90","30,974.50",352.32K,0.50%
12/12/2019,"31,908.40","31,597.10","31,908.40","31,285.80",910.69K,2.24%
12/13/2019,"32,608.80","31,908.40","32,647.70","31,908.40",1.79M,2.20%
12/16/2019,"32,608.80","32,842.30","32,881.20","32,297.50",1.06M,0.00%
12/17/2019,"32,258.60","32,531.00","32,608.80","32,141.80",730.07K,-1.07%
12/18/2019,"32,686.60","31,986.20","33,114.70","31,986.20",1.86M,1.33%
12/19/2019,"32,842.30","32,764.40","33,036.80","32,219.70",883.60K,0.48%
12/20/2019,"33,270.30","32,686.60","33,309.20","32,686.60",896.66K,1.30%
12/23/2019,"34,826.80","33,270.30","34,982.50","33,270.30",3.07M,4.68%
12/24/2019,"34,943.60","34,671.20","35,138.10","34,476.60",932.61K,0.34%
12/25/2019,"35,177.00","34,321.00","35,215.90","34,321.00",736.32K,0.67%
12/26/2019,"34,398.80","35,060.30","35,293.80","34,398.80",661.35K,-2.21%
12/27/2019,"35,955.30","34,398.80","35,955.30","34,243.10",1.38M,4.52%
12/30/2019,"35,877.50","36,033.10","36,694.60","35,799.60",1.10M,-0.22%
12/31/2019,"35,916.40","35,955.30","36,188.80","35,721.80",792.87K,0.11%
1/2/2020,"36,500.10","35,799.60","36,733.50","35,721.80",1.10M,1.63%
1/3/2020,"36,344.40","36,850.30","36,967.00","36,344.40",759.58K,-0.43%
1/6/2020,"35,644.00","36,344.40","36,344.40","35,644.00",999.23K,-1.93%
1/7/2020,"36,344.40","35,644.00","36,344.40","35,177.00",662.67K,1.96%
1/8/2020,"36,655.70","35,799.60","37,278.30","35,644.00",1.55M,0.86%
1/9/2020,"38,640.30","37,161.60","38,834.80","37,044.80",1.98M,5.41%
1/10/2020,"39,924.40","38,640.30","40,469.20","38,601.30",1.89M,3.32%
1/13/2020,"38,990.50","38,834.80","40,080.00","38,523.50",685.12K,-2.34%
1/14/2020,"38,990.50","38,990.50","40,080.00","38,834.80",946.04K,0.00%
1/15/2020,"39,690.90","38,834.80","39,924.40","38,834.80",874.47K,1.80%
1/16/2020,"42,025.70","39,690.90","42,103.50","39,690.90",1.26M,5.88%
1/17/2020,"41,636.50","42,103.50","42,492.60","41,325.20",809.32K,-0.93%
1/20/2020,"41,480.90","41,636.50","42,181.30","41,403.10",957.93K,-0.37%
1/21/2020,"42,025.70","41,480.90","42,414.80","41,480.90",766.69K,1.31%
1/22/2020,"43,193.00","42,025.70","43,426.50","41,870.00",982.75K,2.78%
1/30/2020,"41,013.90","42,414.80","42,726.10","40,469.20",1.75M,-5.05%
1/31/2020,"40,080.00","40,702.60","41,714.40","40,080.00",1.45M,-2.28%
2/3/2020,"41,636.50","38,757.00","42,803.90","37,278.30",1.97M,3.88%
2/4/2020,"42,337.00","42,337.00","42,570.40","41,714.40",1.77M,1.68%
2/5/2020,"41,636.50","42,726.10","42,959.60","41,636.50",903.92K,-1.65%
2/6/2020,"41,403.10","41,558.70","42,103.50","41,247.40",1.85M,-0.56%
2/7/2020,"40,235.70","41,013.90","41,480.90","40,157.90",1.89M,-2.82%
2/10/2020,"38,212.20","39,613.10","39,846.50","38,212.20",1.40M,-5.03%
2/11/2020,"39,535.20","38,212.20","40,002.20","38,212.20",1.15M,3.46%
2/12/2020,"39,535.20","40,080.00","40,313.50","39,457.40",886.11K,0.00%
2/13/2020,"39,223.90","39,457.40","39,690.90","38,834.80",727.98K,-0.79%
2/14/2020,"38,912.60","38,990.50","39,379.60","38,912.60",788.63K,-0.79%
2/17/2020,"40,080.00","39,068.30","40,080.00","38,990.50",1.09M,3.00%
2/18/2020,"40,469.20","40,391.30","40,936.10","40,080.00",1.11M,0.97%
2/19/2020,"39,924.40","40,469.20","40,547.00","39,846.50",468.18K,-1.35%
2/20/2020,"39,924.40","40,391.30","40,469.20","39,846.50",695.27K,0.00%
2/21/2020,"38,523.50","39,924.40","39,924.40","37,939.80",3.29M,-3.51%
2/24/2020,"36,033.10","37,511.80","37,978.70","36,033.10",1.36M,-6.46%
2/25/2020,"37,978.70","35,021.40","37,978.70","35,021.40",1.11M,5.40%
2/26/2020,"36,577.90","37,044.80","37,589.60","36,461.10",787.76K,-3.69%
2/27/2020,"36,655.70","36,577.90","37,122.70","36,149.80",908.91K,0.21%
2/28/2020,"35,410.50","35,799.60","36,110.90","35,060.30",1.22M,-3.40%
3/2/2020,"35,138.10","35,721.80","35,721.80","35,021.40",714.74K,-0.77%
3/3/2020,"36,500.10","36,422.20","37,161.60","35,566.20",1.28M,3.88%
3/4/2020,"35,916.40","36,577.90","36,577.90","35,721.80",828.01K,-1.60%
3/5/2020,"36,305.50","36,227.70","36,772.50","36,188.80",1.10M,1.08%
3/6/2020,"36,461.10","35,410.50","36,694.60","35,410.50",699.27K,0.43%
3/9/2020,"33,931.80","34,009.70","34,787.90","33,931.80",1.19M,-6.94%
3/10/2020,"32,997.90","33,075.70","34,243.10","32,141.80",1.72M,-2.75%
3/11/2020,"30,702.10","33,854.00","33,854.00","30,702.10",1.91M,-6.96%
3/12/2020,"28,561.90","28,600.80","29,340.10","28,561.90",1.93M,-6.97%
3/13/2020,"27,238.90","26,577.30","28,561.90","26,577.30",2.93M,-4.63%
3/16/2020,"25,526.70","27,238.90","27,978.20","25,332.10",2.76M,-6.29%
3/17/2020,"26,304.90","23,814.50","26,382.80","23,814.50",2.23M,3.05%
3/18/2020,"26,888.60","26,460.60","27,628.00","26,421.70",2.19M,2.22%
3/19/2020,"25,993.60","26,421.70","26,616.20","25,487.80",1.14M,-3.33%
3/20/2020,"25,760.20","26,149.30","26,499.50","25,604.50",970.09K,-0.90%
3/23/2020,"23,970.20","24,125.80","24,826.30","23,970.20",3.43M,-6.95%
3/24/2020,"24,592.80","24,125.80","24,865.20","23,892.40",1.54M,2.60%
3/25/2020,"25,838.00","25,993.60","26,032.60","25,526.70",2.03M,5.06%
3/26/2020,"25,915.80","25,682.30","26,616.20","25,020.80",1.44M,0.30%
3/27/2020,"25,682.30","25,760.20","26,266.00","25,215.40",1.42M,-0.90%
3/30/2020,"24,048.00","24,125.80","24,826.30","23,892.40",1.72M,-6.36%
3/31/2020,"24,009.10","24,904.10","25,020.80","22,958.50",1.28M,-0.16%
4/1/2020,"24,981.90","24,048.00","25,682.30","23,970.20",1.50M,4.05%
4/3/2020,"26,694.10","25,371.00","26,694.10","25,371.00",1.95M,6.85%
4/6/2020,"28,561.90","27,783.60","28,561.90","27,316.70",2.37M,7.00%
4/7/2020,"28,795.40","29,184.50","29,340.10","28,017.10",2.26M,0.82%
4/8/2020,"29,534.70","27,861.50","29,573.60","27,316.70",1.83M,2.57%
4/9/2020,"29,340.10","29,534.70","30,040.60","29,301.20",1.70M,-0.66%
4/10/2020,"28,717.50","29,028.80","29,418.00","28,561.90",1.51M,-2.12%
4/13/2020,"28,912.10","28,561.90","29,340.10","28,484.10",1.33M,0.68%
4/14/2020,"28,406.20","28,834.30","29,223.40","27,861.50",1.53M,-1.75%
4/15/2020,"29,028.80","28,561.90","29,340.10","28,561.90",1.39M,2.19%
4/16/2020,"29,028.80","28,951.00","29,028.80","28,600.80",1.52M,0.00%
4/17/2020,"29,106.70","29,456.90","29,729.30","28,951.00",1.45M,0.27%
4/20/2020,"28,873.20","29,495.80","29,573.60","28,756.40",1.73M,-0.80%
4/21/2020,"27,005.40","28,017.10","28,639.70","27,005.40",2.82M,-6.47%
4/22/2020,"28,172.80","25,760.20","28,834.30","25,760.20",1.78M,4.32%
4/23/2020,"28,172.80","28,795.40","28,951.00","28,094.90",993.50K,0.00%
4/24/2020,"28,017.10","28,367.30","28,367.30","27,472.30",745.70K,-0.55%
4/27/2020,"27,316.70","28,172.80","28,328.40","27,316.70",1.52M,-2.50%
4/28/2020,"27,355.60","27,316.70","27,861.50","26,849.70",741.40K,0.14%
4/29/2020,"27,705.80","27,238.90","27,939.30","27,238.90",748.95K,1.28%
5/4/2020,"27,472.30","27,705.80","28,328.40","27,316.70",824.59K,-0.84%
5/5/2020,"27,472.30","27,472.30","27,861.50","27,394.50",537.86K,0.00%
5/6/2020,"28,017.10","27,589.10","28,017.10","27,472.30",929.84K,1.98%
5/7/2020,"29,223.40","28,250.60","29,262.30","28,250.60",3.18M,4.31%
5/8/2020,"29,573.60","29,534.70","30,585.30","29,223.40",3.22M,1.20%
5/11/2020,"29,962.70","29,962.70","30,351.90","29,534.70",1.52M,1.32%
5/12/2020,"30,001.60","29,807.10","30,079.50","29,534.70",2.07M,0.13%
5/13/2020,"30,818.80","29,807.10","30,974.50","29,418.00",3.43M,2.72%
5/14/2020,"30,896.60","30,351.90","31,519.20","30,351.90",2.51M,0.25%
5/15/2020,"30,040.60","30,974.50","31,207.90","29,884.90",2.40M,-2.77%
5/18/2020,"30,274.00","29,923.80","30,274.00","29,573.60",2.34M,0.78%
5/19/2020,"30,429.70","31,052.30","31,052.30","30,274.00",2.12M,0.51%
5/20/2020,"30,468.60","30,351.90","30,585.30","29,962.70",1.13M,0.13%
5/21/2020,"30,896.60","30,741.00","31,246.90","30,702.10",3.11M,1.40%
5/22/2020,"30,585.30","30,896.60","31,130.10","30,585.30",1.43M,-1.01%
5/25/2020,"30,857.70","30,585.30","30,974.50","30,351.90",1.12M,0.89%
5/26/2020,"32,686.60","30,935.60","32,686.60","30,935.60",3.72M,5.93%
5/27/2020,"30,974.50","33,270.30","33,270.30","30,974.50",2.88M,-5.24%
5/28/2020,"31,674.90","31,130.10","31,869.50","30,974.50",2.41M,2.26%
5/29/2020,"31,207.90","31,441.40","31,519.20","30,974.50",2.10M,-1.47%
6/1/2020,"32,258.60","31,363.60","32,336.40","31,324.70",1.39M,3.37%
6/2/2020,"31,558.20","32,297.50","32,608.80","31,519.20",1.88M,-2.17%
6/3/2020,"31,908.40","31,830.50","32,064.00","31,519.20",1.13M,1.11%
6/4/2020,"32,531.00","32,064.00","32,920.10","31,986.20",2.53M,1.95%
6/5/2020,"32,764.40","32,531.00","32,842.30","32,102.90",1.53M,0.72%
6/8/2020,"34,243.10","33,231.40","34,243.10","33,075.70",3.13M,4.51%
6/9/2020,"33,737.30","34,321.00","34,321.00","33,698.40",1.41M,-1.48%
6/10/2020,"33,854.00","33,542.70","34,321.00","33,075.70",1.63M,0.35%
6/11/2020,"31,519.20","33,854.00","34,009.70","31,519.20",3.00M,-6.90%
6/12/2020,"33,075.70","30,741.00","33,075.70","30,741.00",2.41M,4.94%
6/15/2020,"31,052.30","32,920.10","32,920.10","31,052.30",1.89M,-6.12%
6/16/2020,"31,674.90","32,297.50","32,375.30","31,519.20",1.21M,2.01%
6/17/2020,"31,363.60","31,674.90","31,986.20","31,013.40",1.03M,-0.98%
6/18/2020,"31,519.20","31,363.60","31,597.10","31,130.10",791.70K,0.50%
6/19/2020,"32,258.60","32,064.00","32,258.60","31,674.90",906.10K,2.35%
6/22/2020,"32,141.80","32,297.50","32,569.90","31,752.70",783.40K,-0.36%
6/23/2020,"31,674.90","31,947.30","32,180.80","31,519.20",1.40M,-1.45%
6/24/2020,"31,363.60","31,674.90","32,064.00","31,285.80",870.40K,-0.98%
6/25/2020,"31,130.10","31,130.10","31,324.70","30,974.50",995.90K,-0.74%
6/26/2020,"31,052.30","31,830.50","31,830.50","30,896.60",902.20K,-0.25%
6/29/2020,"29,962.70","30,585.30","30,741.00","29,884.90",1.68M,-3.51%
6/30/2020,"29,495.80","30,351.90","30,390.80","29,418.00",1.08M,-1.56%
7/1/2020,"30,507.50","29,495.80","30,663.20","29,495.80",967.60K,3.43%
7/2/2020,"30,351.90","30,702.10","30,702.10","30,118.40",630.70K,-0.51%
7/3/2020,"30,429.70","30,546.40","30,585.30","30,196.20",688.40K,0.26%
7/6/2020,"31,207.90","30,663.20","31,285.80","30,429.70",952.90K,2.56%
7/7/2020,"31,597.10","31,441.40","31,791.60","31,324.70",1.38M,1.25%
7/8/2020,"31,558.20","31,519.20","31,674.90","31,130.10",966.70K,-0.12%
7/9/2020,"32,375.30","31,558.20","32,608.80","31,558.20",1.93M,2.59%
7/10/2020,"32,297.50","32,064.00","32,414.20","31,713.80",1.30M,-0.24%
7/13/2020,"32,141.80","32,414.20","32,569.90","31,908.40",1.31M,-0.48%
7/14/2020,"32,102.90","31,791.60","32,141.80","31,674.90",1.25M,-0.12%
7/15/2020,"32,180.80","32,453.10","32,453.10","32,141.80",868.40K,0.24%
7/16/2020,"32,180.80","32,180.80","32,219.70","31,908.40",595.30K,0.00%
7/17/2020,"32,375.30","32,219.70","32,569.90","32,219.70",1.69M,0.60%
7/20/2020,"31,752.70","32,453.10","32,492.10","31,752.70",1.05M,-1.92%
7/21/2020,"31,752.70","31,908.40","31,908.40","31,402.50",471.10K,0.00%
7/22/2020,"31,130.10","31,908.40","31,908.40","30,741.00",944.00K,-1.96%
7/23/2020,"31,013.40","31,130.10","31,480.30","30,857.70",961.30K,-0.37%
7/24/2020,"29,729.30","31,013.40","31,013.40","29,379.00",2.27M,-4.14%
7/27/2020,"27,666.90","28,017.10","29,418.00","27,666.90",1.94M,-6.94%
7/28/2020,"29,456.90","28,017.10","29,456.90","28,017.10",1.50M,6.47%
7/29/2020,"28,756.40","28,639.70","28,951.00","27,861.50",912.70K,-2.38%
7/30/2020,"28,951.00","29,184.50","29,184.50","28,017.10",528.10K,0.68%
7/31/2020,"28,523.00","28,017.10","28,989.90","28,017.10",603.60K,-1.48%
8/3/2020,"28,951.00","28,250.60","29,067.70","28,250.60",813.30K,1.50%
8/4/2020,"29,495.80","29,573.60","29,573.60","29,184.50",621.30K,1.88%
8/5/2020,"30,157.30","29,418.00","30,351.90","29,262.30",1.15M,2.24%
8/6/2020,"29,768.20","30,079.50","30,274.00","29,729.30",751.20K,-1.29%
8/7/2020,"29,651.40","29,768.20","30,040.60","29,534.70",669.20K,-0.39%
8/10/2020,"29,651.40","29,923.80","30,118.40","29,651.40",672.60K,0.00%
8/11/2020,"29,962.70","29,846.00","30,040.60","29,651.40",982.00K,1.05%
8/12/2020,"30,507.50","30,040.60","30,624.30","30,040.60",1.21M,1.82%
8/13/2020,"30,857.70","30,741.00","30,896.60","30,585.30",847.00K,1.15%
8/14/2020,"30,351.90","30,624.30","30,818.80","30,196.20",1.24M,-1.64%
8/17/2020,"30,118.40","30,274.00","30,351.90","29,923.80",793.60K,-0.77%
8/18/2020,"29,884.90","30,351.90","30,351.90","29,884.90",834.20K,-0.78%
8/19/2020,"30,040.60","29,884.90","30,235.10","29,884.90",435.60K,0.52%
8/20/2020,"29,768.20","30,040.60","30,235.10","29,768.20",1.08M,-0.91%
8/21/2020,"30,313.00","29,884.90","30,546.40","29,884.90",1.38M,1.83%
8/24/2020,"30,857.70","30,741.00","31,052.30","30,507.50",1.18M,1.80%
8/25/2020,"30,741.00","31,052.30","31,130.10","30,663.20",1.12M,-0.38%
8/26/2020,"30,624.30","30,741.00","30,741.00","30,585.30",1.05M,-0.38%
8/27/2020,"30,429.70","30,585.30","30,663.20","30,351.90",1.38M,-0.64%
8/28/2020,"31,558.20","30,741.00","31,908.40","30,585.30",3.81M,3.71%
8/31/2020,"31,869.50","31,597.10","32,141.80","31,558.20",2.52M,0.99%
9/1/2020,"32,219.70","31,519.20","32,219.70","31,441.40",2.67M,1.10%
9/3/2020,"32,842.30","32,297.50","32,842.30","32,064.00",3.35M,1.93%
9/4/2020,"32,764.40","32,141.80","32,920.10","32,102.90",2.52M,-0.24%
9/7/2020,"31,597.10","32,842.30","32,842.30","31,597.10",2.83M,-3.56%
9/8/2020,"31,791.60","31,752.70","31,908.40","31,169.00",1.59M,0.62%
9/9/2020,"31,752.70","31,285.80","31,869.50","31,207.90",1.01M,-0.12%
9/10/2020,"31,519.20","31,986.20","32,025.10","31,519.20",1.07M,-0.74%
9/11/2020,"31,480.30","31,519.20","31,636.00","31,324.70",972.50K,-0.12%
9/14/2020,"31,519.20","31,558.20","31,752.70","31,480.30",1.17M,0.12%
9/15/2020,"31,713.80","31,674.90","32,064.00","31,441.40",1.40M,0.62%
9/16/2020,"31,558.20","31,830.50","31,830.50","31,480.30",687.10K,-0.49%
9/17/2020,"31,519.20","31,674.90","31,986.20","31,363.60",1.91M,-0.12%
9/18/2020,"31,908.40","31,597.10","31,908.40","31,519.20",1.76M,1.23%
9/21/2020,"31,752.70","32,064.00","32,297.50","31,674.90",1.27M,-0.49%
9/22/2020,"31,674.90","31,674.90","31,830.50","31,480.30",1.46M,-0.25%
9/23/2020,"32,219.70","31,752.70","32,608.80","31,752.70",2.65M,1.72%
9/24/2020,"31,830.50","32,064.00","32,336.40","31,752.70",1.92M,-1.21%
9/25/2020,"31,752.70","31,908.40","31,986.20","31,558.20",1.68M,-0.24%
9/28/2020,"32,141.80","31,947.30","32,453.10","31,752.70",2.46M,1.23%
9/29/2020,"31,636.00","32,297.50","32,647.70","31,597.10",2.54M,-1.57%
9/30/2020,"31,752.70","31,674.90","31,830.50","31,519.20",1.17M,0.37%
10/1/2020,"31,869.50","31,752.70","32,025.10","31,752.70",1.46M,0.37%
10/2/2020,"31,636.00","31,908.40","32,258.60","29,962.70",2.21M,-0.73%
10/5/2020,"31,441.40","31,908.40","31,908.40","31,285.80",1.97M,-0.62%
10/6/2020,"31,480.30","31,558.20","31,752.70","31,363.60",1.90M,0.12%
10/7/2020,"31,480.30","31,441.40","31,830.50","31,363.60",1.48M,0.00%
10/8/2020,"31,441.40","31,597.10","31,636.00","30,974.50",2.38M,-0.12%
10/9/2020,"31,402.50","31,363.60","31,519.20","31,207.90",1.07M,-0.12%
10/12/2020,"31,869.50","32,375.30","32,647.70","31,674.90",4.44M,1.49%
10/13/2020,"32,102.90","31,908.40","32,569.90","31,597.10",2.49M,0.73%
10/14/2020,"33,387.10","32,531.00","33,426.00","32,297.50",8.58M,4.00%
10/15/2020,"32,881.20","33,815.10","33,815.10","32,842.30",3.72M,-1.52%
10/16/2020,"32,842.30","32,881.20","33,620.50","32,531.00",3.03M,-0.12%
10/19/2020,"32,608.80","33,036.80","33,036.80","32,453.10",3.38M,-0.71%
10/20/2020,"32,686.60","32,297.50","33,075.70","32,297.50",2.42M,0.24%
10/21/2020,"32,959.00","32,997.90","33,854.00","32,803.40",3.80M,0.83%
10/22/2020,"33,426.00","32,920.10","33,426.00","32,608.80",2.18M,1.42%
10/23/2020,"33,309.20","33,776.20","33,776.20","33,309.20",2.44M,-0.35%
10/26/2020,"31,908.40","33,075.70","33,464.90","31,908.40",4.25M,-4.21%
10/27/2020,"31,674.90","31,908.40","32,297.50","31,674.90",3.32M,-0.73%
10/28/2020,"30,585.30","31,519.20","31,674.90","30,585.30",3.65M,-3.44%
10/29/2020,"30,079.50","30,196.20","30,741.00","29,923.80",3.55M,-1.65%
10/30/2020,"29,962.70","30,351.90","30,507.50","29,690.30",2.11M,-0.39%
11/2/2020,"30,274.00","29,962.70","30,429.70","29,962.70",1.36M,1.04%
11/3/2020,"30,663.20","30,351.90","30,741.00","30,351.90",1.30M,1.29%
11/4/2020,"30,935.60","30,663.20","31,207.90","30,624.30",1.36M,0.89%
11/5/2020,"30,390.80","30,935.60","30,935.60","30,390.80",1.61M,-1.76%
11/6/2020,"30,390.80","30,702.10","30,702.10","30,235.10",813.30K,0.00%
11/9/2020,"30,546.40","30,702.10","30,702.10","30,429.70",1.49M,0.51%
11/10/2020,"30,663.20","31,013.40","31,130.10","30,663.20",1.71M,0.38%
11/11/2020,"30,663.20","30,663.20","30,857.70","30,468.60",910.40K,0.00%
11/12/2020,"30,818.80","30,741.00","30,974.50","30,663.20",1.42M,0.51%
11/13/2020,"31,363.60","30,896.60","31,363.60","30,857.70",2.31M,1.77%
11/16/2020,"31,052.30","31,402.50","31,752.70","31,052.30",2.44M,-0.99%
11/17/2020,"31,363.60","31,130.10","31,363.60","30,935.60",1.83M,1.00%
11/18/2020,"31,169.00","31,363.60","31,402.50","31,130.10",1.98M,-0.62%
11/19/2020,"31,441.40","31,207.90","31,752.70","31,207.90",2.25M,0.87%
11/20/2020,"32,064.00","31,674.90","32,102.90","31,674.90",3.17M,1.98%
11/23/2020,"31,986.20","32,297.50","32,297.50","31,558.20",1.65M,-0.24%
11/24/2020,"31,674.90","31,947.30","31,986.20","31,441.40",2.46M,-0.97%
11/25/2020,"32,141.80","31,908.40","32,258.60","31,558.20",3.49M,1.47%
11/26/2020,"33,153.60","32,141.80","33,153.60","31,908.40",5.48M,3.15%
11/27/2020,"33,036.80","33,309.20","33,348.10","32,725.50",2.92M,-0.35%
11/30/2020,"32,453.10","33,036.80","33,075.70","32,453.10",2.15M,-1.77%
12/1/2020,"32,453.10","31,908.40","32,531.00","31,752.70",3.66M,0.00%
12/2/2020,"32,297.50","32,492.10","32,686.60","32,219.70",2.31M,-0.48%
12/3/2020,"32,375.30","32,336.40","32,608.80","32,219.70",2.31M,0.24%
12/4/2020,"32,414.20","32,375.30","32,920.10","32,297.50",3.22M,0.12%
12/7/2020,"33,464.90","32,686.60","33,620.50","32,569.90",5.18M,3.24%
12/8/2020,"33,231.40","33,698.40","33,698.40","33,036.80",2.71M,-0.70%
12/9/2020,"34,087.50","33,387.10","34,243.10","33,270.30",4.63M,2.58%
12/10/2020,"34,204.20","34,087.50","34,865.70","34,009.70",4.82M,0.34%
12/11/2020,"35,644.00","34,165.30","35,644.00","33,931.80",5.74M,4.21%
12/14/2020,"36,188.80","35,916.40","36,227.70","35,682.90",3.69M,1.53%
12/15/2020,"35,877.50","35,916.40","36,577.90","35,682.90",4.30M,-0.86%
12/16/2020,"36,889.20","35,877.50","36,928.10","35,877.50",3.89M,2.82%
12/17/2020,"36,110.90","36,422.20","37,044.80","36,110.90",4.90M,-2.11%
12/18/2020,"36,577.90","36,344.40","36,967.00","36,110.90",3.06M,1.29%
12/21/2020,"36,928.10","37,356.10","37,356.10","36,188.80",3.11M,0.96%
12/22/2020,"36,461.10","36,928.10","36,928.10","36,266.60",3.44M,-1.26%
12/23/2020,"36,266.60","36,577.90","36,967.00","36,110.90",2.65M,-0.53%
12/24/2020,"35,410.50","36,266.60","36,422.20","34,165.30",3.94M,-2.36%
12/25/2020,"36,266.60","35,410.50","36,344.40","35,021.40",1.97M,2.42%
12/28/2020,"36,928.10","36,539.00","37,356.10","36,422.20",3.97M,1.82%
12/29/2020,"37,628.50","36,811.40","37,862.00","36,811.40",3.81M,1.90%
12/30/2020,"37,395.10","37,667.40","37,978.70","37,356.10",1.81M,-0.62%
12/31/2020,"37,909.50","37,395.00","37,909.50","37,197.20",1.69M,1.38%
1/4/2021,"38,186.50","37,790.80","38,344.80","37,790.80",2.51M,0.73%
1/5/2021,"37,909.50","37,909.50","38,067.80","37,711.60",2.71M,-0.73%
1/6/2021,"38,621.80","38,226.00","40,046.30","37,632.50",4.62M,1.88%
1/7/2021,"38,700.90","38,621.80","39,492.30","38,384.30",2.11M,0.20%
1/8/2021,"38,384.30","39,017.50","39,017.50","38,146.90",2.56M,-0.82%
1/11/2021,"38,186.50","38,384.30","38,463.50","37,909.50",3.47M,-0.52%
1/12/2021,"38,582.20","38,186.50","38,780.00","37,909.50",2.75M,1.04%
1/13/2021,"38,344.80","38,621.80","38,938.30","38,305.20",2.08M,-0.62%
1/14/2021,"38,661.30","38,384.30","38,780.00","37,988.60",2.40M,0.83%
1/15/2021,"38,661.30","39,017.50","39,175.80","38,661.30",3.02M,0.00%
1/18/2021,"38,503.00","38,700.90","38,780.00","38,463.50",2.12M,-0.41%
1/19/2021,"35,812.20","38,463.50","38,463.50","35,812.20",3.40M,-6.99%
1/20/2021,"36,010.00","35,812.20","36,801.50","33,635.80",2.90M,0.55%
1/21/2021,"36,801.50","36,089.20","36,801.50","35,772.60",1.69M,2.20%
1/22/2021,"35,812.20","36,801.50","36,841.00","35,693.50",2.78M,-2.69%
1/25/2021,"35,297.80","35,614.30","35,772.60","35,139.50",1.73M,-1.44%
1/26/2021,"33,675.30","35,099.90","35,099.90","33,081.70",2.31M,-4.60%
1/27/2021,"32,686.00","33,675.30","34,348.00","32,132.00",2.64M,-2.94%
1/28/2021,"30,430.50","30,865.70","31,657.20","30,430.50",3.39M,-6.90%
1/29/2021,"31,578.00","28,887.20","32,329.90","28,887.20",2.53M,3.77%
2/1/2021,"30,944.90","31,578.00","32,448.60","30,588.70",1.94M,-2.00%
2/2/2021,"31,142.70","30,786.60","31,617.60","30,509.60",3.14M,0.64%
2/3/2021,"32,725.60","31,736.30","32,844.30","31,419.70",2.33M,5.08%
2/4/2021,"32,844.30","32,765.20","32,923.50","32,369.50",1.73M,0.36%
2/5/2021,"33,081.70","32,844.30","33,319.20","32,686.00",1.61M,0.72%
2/8/2021,"31,736.30","33,081.70","33,240.00","30,905.30",2.36M,-4.07%
2/9/2021,"32,290.30","32,052.90","32,606.90","31,419.70",1.82M,1.75%
2/17/2021,"33,319.20","32,329.90","33,319.20","32,329.90",1.81M,3.19%
2/18/2021,"34,348.00","33,398.30","34,427.20","33,002.60",2.94M,3.09%
2/19/2021,"34,902.00","34,031.50","35,218.60","33,912.80",2.55M,1.61%
2/22/2021,"34,625.00","34,902.00","35,218.60","34,585.50",1.92M,-0.79%
2/23/2021,"34,822.90","34,625.00","34,902.00","34,189.80",1.93M,0.57%
2/24/2021,"34,071.00","34,743.80","34,981.20","33,714.90",2.06M,-2.16%
2/25/2021,"33,991.90","34,150.20","34,664.60","33,398.30",2.18M,-0.23%
2/26/2021,"34,506.30","33,873.20","34,585.50","33,477.50",1.74M,1.51%
3/1/2021,"34,902.00","34,506.30","35,139.50","34,506.30",2.83M,1.15%
3/2/2021,"34,862.50","35,218.60","35,297.80","34,704.20",2.67M,-0.11%
3/3/2021,"34,664.60","34,862.50","34,981.20","34,585.50",1.99M,-0.57%
3/4/2021,"33,833.60","34,822.90","35,020.80","33,477.50",2.63M,-2.40%
3/5/2021,"33,556.60","33,833.60","34,268.90","33,240.00",2.34M,-0.82%
3/8/2021,"33,596.20","34,348.00","34,348.00","33,477.50",2.01M,0.12%
3/9/2021,"33,121.30","33,556.60","33,556.60","32,844.30",3.06M,-1.41%
3/10/2021,"33,240.00","33,240.00","33,398.30","32,765.20",2.59M,0.36%
3/11/2021,"34,268.90","33,794.00","34,506.30","33,675.30",2.10M,3.10%
3/12/2021,"34,308.50","34,427.20","34,585.50","34,110.60",3.19M,0.12%
3/15/2021,"34,031.50","34,427.20","34,506.30","33,873.20",3.50M,-0.81%
3/16/2021,"33,556.60","34,031.50","34,189.80","33,477.50",2.80M,-1.40%
3/17/2021,"34,268.90","33,635.80","34,348.00","33,200.50",5.47M,2.12%
3/18/2021,"35,614.30","34,822.90","35,851.80","34,466.80",7.13M,3.93%
3/19/2021,"35,614.30","35,614.30","35,930.90","35,376.90",3.63M,0.00%
3/22/2021,"35,337.30","35,614.30","35,614.30","35,218.60",3.22M,-0.78%
3/23/2021,"34,585.50","35,218.60","35,258.20","34,110.60",5.72M,-2.13%
3/24/2021,"33,358.80","34,031.50","34,268.90","33,160.90",4.20M,-3.55%
3/25/2021,"33,437.90","33,635.80","33,991.90","33,200.50",2.98M,0.24%
3/26/2021,"33,319.20","33,200.50","33,556.60","32,052.90",3.08M,-0.35%
3/29/2021,"33,675.30","33,635.80","33,754.50","33,358.80",1.70M,1.07%
3/30/2021,"33,912.80","34,031.50","34,071.00","33,477.50",2.90M,0.71%
3/31/2021,"33,991.90","33,991.90","34,387.60","33,873.20",2.73M,0.23%
4/1/2021,"34,783.30","34,031.50","34,822.90","34,031.50",4.66M,2.33%
4/2/2021,"35,614.30","35,139.50","36,010.00","34,862.50",7.29M,2.39%
4/5/2021,"36,049.60","36,168.30","36,326.60","35,693.50",7.51M,1.22%
4/6/2021,"36,207.90","35,930.90","36,603.60","35,653.90",5.17M,0.44%
4/7/2021,"36,049.60","36,168.30","36,207.90","35,891.30",3.28M,-0.44%
4/8/2021,"35,456.00","36,168.30","36,247.50","35,376.90",5.55M,-1.65%
4/9/2021,"35,060.30","35,376.90","35,456.00","34,862.50",5.65M,-1.12%
4/12/2021,"35,416.50","35,218.60","35,851.80","34,902.00",6.48M,1.02%
4/13/2021,"34,545.90","35,614.30","35,693.50","34,427.20",4.97M,-2.46%
4/14/2021,"34,822.90","34,427.20","35,060.30","34,031.50",3.57M,0.80%
4/15/2021,"34,071.00","34,902.00","34,981.20","34,031.50",4.66M,-2.16%
4/16/2021,"33,240.00","33,912.80","34,427.20","33,121.30",5.87M,-2.44%
4/19/2021,"34,031.50","33,240.00","34,110.60","33,081.70",4.02M,2.38%
4/20/2021,"34,189.80","34,110.60","34,822.90","33,991.90",3.37M,0.47%
4/22/2021,"32,448.60","34,189.80","34,189.80","32,448.60",3.68M,-5.09%
4/23/2021,"33,240.00","32,448.60","33,358.80","32,329.90",3.87M,2.44%
4/26/2021,"32,052.90","33,042.20","33,240.00","32,052.90",4.19M,-3.57%
4/27/2021,"31,934.20","32,052.90","32,290.30","31,815.50",2.49M,-0.37%
4/28/2021,"32,132.00","31,934.20","32,369.50","31,934.20",1.73M,0.62%
4/29/2021,"32,448.60","32,132.00","33,160.90","32,132.00",2.45M,0.99%
5/4/2021,"32,686.00","31,657.20","33,081.70","31,657.20",2.73M,0.73%
5/5/2021,"33,160.90","33,002.60","33,517.00","32,844.30",3.39M,1.45%
5/6/2021,"32,646.50","33,160.90","33,160.90","32,606.90",2.82M,-1.55%
5/7/2021,"32,171.60","32,132.00","32,606.90","32,052.90",4.66M,-1.45%
5/10/2021,"32,765.20","32,052.90","32,844.30","31,934.20",3.81M,1.85%
5/11/2021,"33,319.20","33,240.00","34,427.20","33,081.70",6.73M,1.69%
5/12/2021,"33,754.50","33,240.00","33,794.00","33,081.70",4.19M,1.31%
5/13/2021,"33,714.90","33,635.80","34,348.00","33,240.00",4.38M,-0.12%
5/14/2021,"33,517.00","33,873.20","34,031.50","33,477.50",3.43M,-0.59%
5/17/2021,"33,081.70","33,635.80","34,031.50","33,002.60",3.76M,-1.30%
5/18/2021,"32,369.50","33,002.60","33,002.60","32,290.30",4.91M,-2.15%
5/19/2021,"32,369.50","32,448.60","32,765.20","32,132.00",3.61M,0.00%
5/20/2021,"33,121.30","32,369.50","33,160.90","31,657.20",4.40M,2.32%
5/21/2021,"35,416.50","33,240.00","35,416.50","33,121.30",16.38M,6.93%
5/24/2021,"36,405.80","36,010.00","36,722.30","36,010.00",8.80M,2.79%
5/25/2021,"36,959.80","36,405.80","37,078.50","35,970.50",7.96M,1.52%
5/26/2021,"36,920.20","36,959.80","37,276.30","36,564.00",9.27M,-0.11%
5/27/2021,"35,930.90","37,038.90","37,038.90","35,653.90",7.37M,-2.68%
5/28/2021,"37,315.90","36,089.20","37,751.20","35,535.20",9.88M,3.85%
5/31/2021,"38,542.60","37,830.30","38,621.80","37,592.90",7.04M,3.29%
6/1/2021,"37,988.60","38,661.30","38,780.00","37,988.60",5.15M,-1.44%
6/2/2021,"37,513.80","37,434.60","37,949.00","37,355.50",7.60M,-1.25%
6/3/2021,"38,621.80","37,830.30","39,175.80","37,513.80",8.45M,2.95%
6/4/2021,"38,780.00","38,542.60","39,175.80","37,988.60",7.47M,0.41%
6/7/2021,"37,038.90","38,384.30","38,463.50","36,089.20",6.63M,-4.49%
6/8/2021,"35,456.00","37,118.00","37,355.50","35,376.90",7.15M,-4.27%
6/9/2021,"35,970.50","35,614.30","36,168.30","34,822.90",5.60M,1.45%
6/10/2021,"34,743.80","35,970.50","36,089.20","34,743.80",5.61M,-3.41%
6/11/2021,"35,772.60","34,822.90","35,812.20","34,427.20",8.04M,2.96%
6/14/2021,"35,535.20","36,010.00","36,089.20","35,337.30",4.27M,-0.66%
6/15/2021,"35,535.20","35,416.50","35,733.00","34,822.90",4.10M,0.00%
6/16/2021,"35,851.80","35,376.90","36,959.80","34,981.20",5.30M,0.89%
6/17/2021,"36,326.60","35,297.80","36,682.80","35,297.80",4.50M,1.32%
6/18/2021,"36,524.50","36,603.60","36,801.50","36,168.30",4.02M,0.54%
6/21/2021,"35,614.30","36,326.60","36,405.80","35,495.60",5.33M,-2.49%
6/22/2021,"35,614.30","35,851.80","35,970.50","35,535.20",3.50M,0.00%
6/23/2021,"35,930.90","35,535.20","36,722.30","35,535.20",3.24M,0.89%
6/24/2021,"35,772.60","35,930.90","36,326.60","35,614.30",2.65M,-0.44%
6/25/2021,"36,049.60","35,693.50","36,405.80","35,376.90",3.24M,0.77%
6/28/2021,"37,118.00","36,405.80","37,276.30","36,128.80",8.41M,2.96%
6/29/2021,"37,118.00","37,197.20","37,909.50","36,880.60",4.96M,0.00%
6/30/2021,"37,395.00","37,118.00","37,553.30","37,078.50",5.03M,0.75%
7/1/2021,"37,434.60","37,592.90","37,711.60","37,078.50",5.79M,0.11%
7/2/2021,"37,236.80","37,592.90","37,790.80","37,118.00",5.29M,-0.53%
7/5/2021,"36,920.20","37,236.80","37,236.80","35,772.60",4.39M,-0.85%
7/6/2021,"34,822.90","37,118.00","38,463.50","34,822.90",8.67M,-5.68%
7/7/2021,"36,010.00","35,218.60","36,128.80","34,506.30",4.96M,3.41%
7/8/2021,"36,247.50","36,010.00","36,524.50","35,574.80",2.68M,0.66%
7/9/2021,"35,535.20","35,772.60","36,405.80","34,822.90",4.51M,-1.97%
7/12/2021,"33,240.00","35,297.80","35,297.80","33,081.70",7.57M,-6.46%
7/13/2021,"33,556.60","33,635.80","33,833.60","32,883.90",2.49M,0.95%
7/14/2021,"33,714.90","33,635.80","33,794.00","32,448.60",2.25M,0.47%
7/15/2021,"33,794.00","33,279.60","34,150.20","33,240.00",2.26M,0.23%
7/16/2021,"33,635.80","33,873.20","34,031.50","33,635.80",1.78M,-0.47%
7/19/2021,"31,380.20","32,527.70","33,160.90","31,380.20",3.72M,-6.71%
7/20/2021,"32,448.60","31,419.70","32,448.60","30,786.60",3.41M,3.40%
7/21/2021,"32,211.20","32,765.20","32,765.20","32,052.90",1.46M,-0.73%
7/22/2021,"32,448.60","32,132.00","32,527.70","32,132.00",2.14M,0.74%
7/23/2021,"31,815.50","32,369.50","32,844.30","31,815.50",2.29M,-1.95%
7/26/2021,"31,657.20","31,657.20","31,934.20","31,261.50",1.81M,-0.50%
7/27/2021,"31,815.50","31,973.70","32,290.30","31,775.90",1.80M,0.50%
7/28/2021,"32,052.90","31,815.50","32,052.90","31,657.20",1.55M,0.75%
7/29/2021,"32,448.60","32,290.30","32,448.60","32,132.00",1.48M,1.23%
7/30/2021,"32,527.70","32,686.00","32,725.60","32,409.00",2.56M,0.24%
8/2/2021,"33,675.30","33,240.00","33,991.90","33,240.00",4.98M,3.53%
8/3/2021,"34,308.50","33,477.50","34,308.50","33,319.20",3.48M,1.88%
8/4/2021,"34,031.50","34,348.00","34,427.20","33,794.00",2.69M,-0.81%
8/5/2021,"33,991.90","33,714.90","34,427.20","33,477.50",2.66M,-0.12%
8/6/2021,"33,952.30","33,991.90","34,348.00","33,714.90",2.35M,-0.12%
8/9/2021,"34,150.20","33,675.30","34,150.20","33,517.00",2.19M,0.58%
8/10/2021,"34,268.90","34,229.30","34,427.20","34,071.00",2.35M,0.35%
8/11/2021,"34,110.60","34,268.90","34,902.00","33,952.30",3.45M,-0.46%
8/12/2021,"33,873.20","34,308.50","34,348.00","33,873.20",2.15M,-0.70%
8/13/2021,"33,675.30","33,754.50","34,031.50","33,081.70",2.90M,-0.58%
8/16/2021,"34,268.90","33,517.00","34,427.20","33,240.00",4.13M,1.76%
8/17/2021,"33,991.90","34,506.30","34,506.30","33,873.20",1.97M,-0.81%
8/18/2021,"33,754.50","33,952.30","34,031.50","33,635.80",1.90M,-0.70%
8/19/2021,"33,635.80","33,714.90","33,714.90","33,358.80",2.27M,-0.35%
8/20/2021,"32,052.90","33,714.90","33,952.30","31,657.20",5.49M,-4.71%
8/23/2021,"31,103.20","32,052.90","32,290.30","31,103.20",3.45M,-2.96%
8/24/2021,"31,182.30","31,103.20","31,419.70","30,786.60",3.20M,0.25%
8/25/2021,"31,221.90","31,261.50","31,301.00","30,865.70",1.39M,0.13%
8/26/2021,"30,549.20","31,380.20","31,380.20","30,074.30",2.57M,-2.15%
8/27/2021,"30,628.30","30,470.00","30,865.70","29,916.00",2.40M,0.26%
8/30/2021,"31,221.90","30,865.70","31,261.50","30,707.50",1.77M,1.94%
8/31/2021,"30,826.20","31,340.60","31,340.60","30,826.20",2.28M,-1.27%
9/1/2021,"30,865.70","30,707.50","30,944.90","30,588.70",1.71M,0.13%
9/6/2021,"30,944.90","30,905.30","31,261.50","30,826.20",1.72M,0.26%
9/7/2021,"31,419.70","31,103.20","31,815.50","30,984.50",2.15M,1.53%
9/8/2021,"31,340.60","31,815.50","31,973.70","31,261.50",1.79M,-0.25%
9/9/2021,"31,498.90","31,340.60","31,498.90","31,301.00",1.06M,0.51%
9/10/2021,"31,380.20","31,657.20","31,657.20","31,340.60",998.40K,-0.38%
9/13/2021,"30,984.50","31,380.20","31,380.20","30,865.70",2.18M,-1.26%
9/14/2021,"30,628.30","30,944.90","30,984.50","30,549.20",1.78M,-1.15%
9/15/2021,"30,707.50","30,549.20","30,865.70","30,549.20",1.33M,0.26%
9/16/2021,"31,182.30","30,944.90","31,261.50","30,905.30",1.84M,1.55%
9/17/2021,"31,657.20","31,340.60","32,013.30","31,340.60",2.24M,1.52%
9/20/2021,"31,578.00","31,696.70","31,894.60","31,578.00",2.46M,-0.25%
9/21/2021,"31,380.20","31,261.50","31,498.90","31,024.00",1.92M,-0.63%
9/22/2021,"31,340.60","31,340.60","31,578.00","30,944.90",1.59M,-0.13%
9/23/2021,"31,221.90","31,498.90","31,578.00","31,221.90",1.36M,-0.38%
9/24/2021,"31,419.70","31,261.50","31,498.90","31,221.90",1.21M,0.63%
9/27/2021,"31,182.30","31,419.70","31,736.30","31,024.00",1.52M,-0.76%
9/28/2021,"31,736.30","31,182.30","31,934.20","31,024.00",2.75M,1.78%
9/29/2021,"31,578.00","31,696.70","31,696.70","31,103.20",1.49M,-0.50%
9/30/2021,"31,221.90","31,538.50","31,657.20","31,142.70",1.38M,-1.13%
10/1/2021,"30,707.50","31,103.20","31,221.90","30,707.50",2.09M,-1.65%
10/4/2021,"30,786.60","30,747.00","31,340.60","30,470.00",1.33M,0.26%
10/5/2021,"31,103.20","30,865.70","31,301.00","30,865.70",918.20K,1.03%
10/6/2021,"31,182.30","31,261.50","31,657.20","31,103.20",1.02M,0.25%
10/7/2021,"30,984.50","31,182.30","31,261.50","30,984.50",1.28M,-0.63%
10/8/2021,"31,024.00","30,984.50","31,182.30","30,984.50",1.23M,0.13%
10/11/2021,"31,657.20","31,340.60","31,657.20","31,182.30",2.21M,2.04%
10/12/2021,"31,855.00","31,815.50","32,250.70","31,696.70",2.50M,0.62%
10/13/2021,"31,578.00","31,894.60","32,013.30","31,340.60",1.79M,-0.87%
10/14/2021,"31,301.00","31,578.00","31,617.60","31,301.00",1.33M,-0.88%
10/15/2021,"31,261.50","31,301.00","31,538.50","31,261.50",1.39M,-0.13%
10/18/2021,"31,103.20","31,261.50","31,696.70","30,865.70",2.26M,-0.51%
10/19/2021,"31,696.70","31,103.20","32,092.50","30,865.70",2.78M,1.91%
10/20/2021,"31,459.30","31,696.70","31,815.50","31,103.20",1.36M,-0.75%
10/21/2021,"31,261.50","31,459.30","31,578.00","31,261.50",795.10K,-0.63%
10/22/2021,"31,103.20","31,261.50","31,419.70","31,103.20",1.33M,-0.51%
10/25/2021,"31,024.00","31,340.60","31,340.60","31,024.00",1.12M,-0.25%
10/26/2021,"31,024.00","31,024.00","31,182.30","30,984.50",688.20K,0.00%
10/27/2021,"31,578.00","31,063.60","31,617.60","31,063.60",1.78M,1.79%
10/28/2021,"31,538.50","31,657.20","31,815.50","31,419.70",1.56M,-0.13%
10/29/2021,"32,844.30","31,657.20","33,002.60","31,578.00",4.69M,4.14%
11/1/2021,"33,081.70","33,240.00","33,319.20","32,923.50",4.14M,0.72%
11/2/2021,"33,200.50","33,081.70","33,635.80","32,923.50",1.92M,0.36%
11/3/2021,"34,071.00","33,477.50","34,902.00","33,240.00",7.05M,2.62%
11/4/2021,"34,822.90","34,150.20","35,020.80","33,794.00",5.51M,2.21%
11/5/2021,"34,506.30","34,822.90","35,139.50","34,229.30",2.44M,-0.91%
11/8/2021,"34,743.80","34,506.30","35,139.50","34,150.20",3.38M,0.69%
11/9/2021,"34,031.50","34,822.90","34,941.60","34,031.50",3.20M,-2.05%
11/10/2021,"34,031.50","34,110.60","34,427.20","33,517.00",2.69M,0.00%
11/11/2021,"33,873.20","34,348.00","34,427.20","33,398.30",3.07M,-0.47%
11/12/2021,"34,189.80","33,517.00","34,268.90","33,517.00",2.36M,0.93%
11/15/2021,"33,873.20","34,308.50","34,427.20","33,240.00",1.92M,-0.93%
11/16/2021,"33,873.20","33,794.00","34,110.60","33,596.20",1.59M,0.00%
11/17/2021,"34,506.30","33,754.50","34,664.60","33,596.20",3.07M,1.87%
11/18/2021,"35,218.60","34,822.90","35,535.20","34,348.00",4.42M,2.06%
11/19/2021,"35,139.50","35,258.20","36,445.30","33,240.00",5.10M,-0.22%
11/22/2021,"36,049.60","35,139.50","36,564.00","34,822.90",6.22M,2.59%
11/23/2021,"35,376.90","36,010.00","36,010.00","34,981.20",2.26M,-1.87%
11/24/2021,"36,445.30","35,574.80","36,484.90","35,297.80",5.19M,3.02%
11/25/2021,"35,891.30","36,722.30","36,722.30","35,851.80",3.38M,-1.52%
11/26/2021,"35,970.50","36,484.90","36,564.00","34,822.90",5.20M,0.22%
11/29/2021,"35,218.60","35,218.60","35,614.30","34,902.00",4.10M,-2.09%
11/30/2021,"35,139.50","35,535.20","36,128.80","34,506.30",3.20M,-0.22%
12/1/2021,"35,060.30","35,139.50","35,376.90","34,585.50",2.21M,-0.23%
12/2/2021,"34,981.20","35,020.80","35,930.90","34,822.90",1.72M,-0.23%
12/3/2021,"33,240.00","35,218.60","35,218.60","33,240.00",2.77M,-4.98%
12/6/2021,"33,200.50","34,031.50","34,031.50","32,963.00",3.59M,-0.12%
12/7/2021,"34,506.30","33,279.60","34,625.00","33,279.60",2.08M,3.93%
12/8/2021,"34,822.90","34,585.50","35,060.30","34,387.60",1.44M,0.92%
12/9/2021,"34,822.90","34,783.30","34,941.60","34,466.80",1.23M,0.00%
12/10/2021,"35,297.80","35,060.30","35,772.60","35,060.30",2.60M,1.36%
12/13/2021,"36,010.00","36,010.00","36,247.50","35,693.50",3.12M,2.02%
12/14/2021,"35,851.80","36,168.30","36,168.30","35,772.60",2.15M,-0.44%
12/15/2021,"35,535.20","35,772.60","36,010.00","35,416.50",1.79M,-0.88%
12/16/2021,"35,535.20","35,614.30","35,614.30","34,822.90",2.11M,0.00%
12/17/2021,"35,535.20","35,535.20","36,010.00","34,902.00",2.33M,0.00%
12/20/2021,"35,297.80","35,456.00","35,574.80","35,218.60",1.55M,-0.67%
12/21/2021,"34,664.60","35,218.60","35,337.30","34,664.60",3.51M,-1.79%
12/22/2021,"34,268.90","34,822.90","35,020.80","33,991.90",3.56M,-1.14%
12/23/2021,"34,500.00","34,800.00","34,900.00","33,700.00",2.32M,0.67%
12/24/2021,"35,000.00","34,500.00","35,400.00","34,500.00",1.53M,1.45%
12/27/2021,"35,300.00","35,200.00","35,500.00","35,000.00",1.20M,0.86%
12/28/2021,"35,200.00","35,500.00","35,500.00","34,900.00",1.36M,-0.28%
12/29/2021,"35,200.00","35,550.00","35,550.00","35,100.00",1.58M,0.00%
12/30/2021,"35,400.00","35,400.00","35,700.00","35,200.00",987.00K,0.57%
12/31/2021,"37,100.00","35,600.00","37,700.00","35,500.00",4.86M,4.80%
1/4/2022,"37,400.00","37,600.00","38,000.00","37,250.00",1.77M,0.81%
1/5/2022,"37,050.00","37,900.00","37,900.00","36,900.00",1.92M,-0.94%
1/6/2022,"38,000.00","36,500.00","38,800.00","36,250.00",6.00M,2.56%
1/7/2022,"39,200.00","38,650.00","39,450.00","37,650.00",4.37M,3.16%
1/10/2022,"38,850.00","39,200.00","40,300.00","38,800.00",3.18M,-0.89%
1/11/2022,"39,400.00","38,800.00","39,900.00","38,300.00",4.28M,1.42%
1/12/2022,"42,150.00","39,400.00","42,150.00","39,400.00",8.03M,6.98%
1/13/2022,"44,000.00","42,500.00","45,100.00","42,500.00",9.66M,4.39%
1/14/2022,"44,250.00","43,300.00","45,100.00","43,300.00",3.27M,0.57%
1/17/2022,"43,650.00","44,000.00","47,000.00","43,600.00",7.74M,-1.36%
1/18/2022,"44,900.00","43,400.00","45,450.00","43,400.00",4.85M,2.86%
1/19/2022,"43,650.00","45,050.00","45,800.00","43,550.00",2.97M,-2.78%
1/20/2022,"46,700.00","43,100.00","46,700.00","42,250.00",5.64M,6.99%
1/21/2022,"47,350.00","47,050.00","48,800.00","46,500.00",4.57M,1.39%
1/24/2022,"46,900.00","46,900.00","48,500.00","46,850.00",4.17M,-0.95%
1/25/2022,"49,000.00","46,300.00","49,000.00","45,900.00",4.70M,4.48%
1/26/2022,"48,100.00","49,500.00","49,950.00","48,100.00",4.05M,-1.84%
1/27/2022,"47,600.00","48,000.00","48,500.00","47,400.00",1.92M,-1.04%
1/28/2022,"47,950.00","47,600.00","49,000.00","47,300.00",2.96M,0.74%
2/7/2022,"47,400.00","48,400.00","48,600.00","47,200.00",3.48M,-1.15%
2/8/2022,"47,350.00","47,400.00","48,400.00","46,500.00",2.67M,-0.11%
2/9/2022,"48,400.00","47,300.00","48,900.00","47,000.00",4.56M,2.22%
2/10/2022,"48,400.00","48,600.00","48,900.00","48,000.00",2.74M,0.00%
2/11/2022,"47,900.00","48,200.00","48,500.00","47,800.00",1.72M,-1.03%
2/14/2022,"44,750.00","47,200.00","47,600.00","44,750.00",7.13M,-6.58%
2/15/2022,"46,200.00","44,850.00","46,300.00","44,400.00",3.69M,3.24%
2/16/2022,"45,150.00","46,100.00","46,100.00","44,700.00",2.80M,-2.27%
2/17/2022,"46,000.00","45,700.00","46,000.00","44,700.00",1.79M,1.88%
2/18/2022,"44,700.00","45,450.00","46,050.00","44,700.00",3.00M,-2.83%
2/21/2022,"45,250.00","44,800.00","45,450.00","43,700.00",2.96M,1.23%
2/22/2022,"46,000.00","44,900.00","46,000.00","44,700.00",2.29M,1.66%
2/23/2022,"45,600.00","46,500.00","46,900.00","45,500.00",2.95M,-0.87%
2/24/2022,"44,600.00","45,300.00","45,550.00","43,600.00",3.39M,-2.19%
2/25/2022,"44,550.00","44,600.00","45,600.00","44,500.00",2.35M,-0.11%
2/28/2022,"43,700.00","44,300.00","44,550.00","43,700.00",2.70M,-1.91%
3/1/2022,"44,100.00","43,750.00","45,000.00","43,600.00",2.40M,0.92%
3/2/2022,"42,450.00","43,700.00","44,000.00","42,350.00",3.09M,-3.74%
3/3/2022,"42,800.00","42,350.00","43,200.00","42,000.00",2.47M,0.82%
3/4/2022,"43,300.00","42,800.00","43,500.00","42,500.00",1.66M,1.17%
3/7/2022,"42,250.00","42,800.00","42,800.00","42,150.00",2.27M,-2.42%
3/8/2022,"41,600.00","41,800.00","42,550.00","41,400.00",2.59M,-1.54%
3/9/2022,"40,500.00","41,600.00","41,900.00","40,500.00",1.97M,-2.64%
3/10/2022,"40,950.00","41,500.00","42,000.00","40,950.00",1.56M,1.11%
3/11/2022,"41,850.00","40,950.00","41,850.00","40,950.00",1.48M,2.20%
3/14/2022,"41,300.00","41,850.00","42,200.00","41,300.00",1.34M,-1.31%
3/15/2022,"42,100.00","41,300.00","42,200.00","41,000.00",1.52M,1.94%
3/16/2022,"41,600.00","42,300.00","42,300.00","41,500.00",1.33M,-1.19%
3/17/2022,"43,500.00","42,200.00","44,250.00","41,000.00",5.82M,4.57%
3/18/2022,"43,900.00","43,700.00","44,600.00","43,500.00",2.79M,0.92%
3/21/2022,"43,800.00","43,900.00","44,100.00","43,300.00",1.28M,-0.23%
3/22/2022,"43,500.00","43,800.00","43,950.00","43,200.00",2.83M,-0.68%
3/23/2022,"43,400.00","43,450.00","44,400.00","43,150.00",2.00M,-0.23%
3/24/2022,"43,100.00","43,400.00","43,450.00","43,000.00",1.29M,-0.69%
3/25/2022,"43,450.00","43,150.00","43,850.00","42,600.00",1.97M,0.81%
3/28/2022,"41,600.00","43,000.00","43,450.00","41,450.00",3.98M,-4.26%
3/29/2022,"42,400.00","41,700.00","42,500.00","41,500.00",1.73M,1.92%
3/30/2022,"43,550.00","42,100.00","45,000.00","41,700.00",3.51M,2.71%
3/31/2022,"43,500.00","43,750.00","43,950.00","43,400.00",1.44M,-0.11%
4/1/2022,"44,350.00","43,500.00","44,500.00","43,400.00",3.17M,1.95%
4/4/2022,"44,250.00","44,950.00","44,950.00","44,250.00",2.08M,-0.23%
4/5/2022,"43,300.00","43,500.00","43,800.00","43,150.00",2.91M,-2.15%
4/6/2022,"43,500.00","43,000.00","43,800.00","42,650.00",3.24M,0.46%
4/7/2022,"43,050.00","43,500.00","44,350.00","43,050.00",3.15M,-1.03%
4/8/2022,"41,900.00","43,000.00","43,200.00","41,800.00",3.15M,-2.67%
4/12/2022,"40,450.00","42,300.00","42,300.00","40,450.00",3.19M,-3.46%
4/13/2022,"40,900.00","40,500.00","41,400.00","40,100.00",2.00M,1.11%
4/14/2022,"40,500.00","41,400.00","41,400.00","40,500.00",1.89M,-0.98%
4/15/2022,"39,300.00","40,600.00","41,200.00","39,000.00",2.51M,-2.96%
4/18/2022,"37,950.00","39,550.00","39,700.00","37,800.00",2.82M,-3.44%
4/19/2022,"37,950.00","38,350.00","39,200.00","37,500.00",2.32M,0.00%
4/20/2022,"37,950.00","37,950.00","38,800.00","37,850.00",1.46M,0.00%
4/21/2022,"38,500.00","37,900.00","38,750.00","37,650.00",2.09M,1.45%
4/22/2022,"38,500.00","38,600.00","39,100.00","38,000.00",2.63M,0.00%
4/25/2022,"35,850.00","38,500.00","38,600.00","35,850.00",2.95M,-6.88%
4/26/2022,"36,900.00","35,150.00","37,250.00","35,150.00",1.86M,2.93%
4/27/2022,"37,200.00","37,000.00","37,500.00","36,450.00",748.10K,0.81%
4/28/2022,"36,700.00","37,200.00","37,200.00","36,700.00",974.90K,-1.34%
4/29/2022,"37,250.00","36,850.00","37,750.00","36,800.00",1.52M,1.50%
5/4/2022,"37,250.00","37,250.00","37,700.00","36,950.00",1.56M,0.00%
5/5/2022,"38,200.00","37,600.00","38,200.00","37,000.00",1.99M,2.55%
5/6/2022,"37,000.00","37,350.00","37,850.00","37,000.00",1.58M,-3.14%
5/9/2022,"34,450.00","36,600.00","36,900.00","34,450.00",2.41M,-6.89%
5/10/2022,"35,800.00","34,100.00","35,900.00","33,500.00",1.73M,3.92%
5/11/2022,"36,100.00","35,750.00","36,100.00","35,050.00",862.90K,0.84%
5/12/2022,"33,600.00","35,400.00","35,800.00","33,600.00",1.51M,-6.93%
5/13/2022,"31,800.00","33,800.00","34,000.00","31,800.00",2.35M,-5.36%
5/16/2022,"32,200.00","33,200.00","33,250.00","32,200.00",1.28M,1.26%
5/17/2022,"34,450.00","32,500.00","34,450.00","32,050.00",1.12M,6.99%
5/18/2022,"34,900.00","34,900.00","35,500.00","34,200.00",1.29M,1.31%
5/19/2022,"34,650.00","34,000.00","35,000.00","33,900.00",895.10K,-0.72%
5/20/2022,"34,500.00","34,400.00","34,900.00","34,300.00",1.13M,-0.43%
5/23/2022,"33,350.00","34,400.00","34,700.00","33,000.00",1.00M,-3.33%
5/24/2022,"33,750.00","33,700.00","33,850.00","33,100.00",768.00K,1.20%
5/25/2022,"34,900.00","34,000.00","35,100.00","34,000.00",1.07M,3.41%
5/26/2022,"35,100.00","35,600.00","35,750.00","35,000.00",1.19M,0.57%
5/27/2022,"35,300.00","35,100.00","35,400.00","34,900.00",891.00K,0.57%
5/30/2022,"35,750.00","35,500.00","35,850.00","35,200.00",1.09M,1.27%
5/31/2022,"35,300.00","35,500.00","35,600.00","35,000.00",1.03M,-1.26%
6/1/2022,"35,150.00","35,100.00","35,550.00","34,950.00",1.07M,-0.42%
6/2/2022,"34,700.00","35,150.00","35,200.00","34,500.00",905.20K,-1.28%
6/3/2022,"34,350.00","34,700.00","34,750.00","34,000.00",570.70K,-1.01%
6/6/2022,"34,200.00","34,350.00","34,650.00","33,800.00",918.80K,-0.44%
6/7/2022,"33,600.00","34,100.00","34,200.00","33,100.00",1.17M,-1.75%
6/8/2022,"34,300.00","33,700.00","34,800.00","33,650.00",982.90K,2.08%
6/9/2022,"34,500.00","34,350.00","34,750.00","34,100.00",394.40K,0.58%
6/10/2022,"33,800.00","34,050.00","34,300.00","33,800.00",786.00K,-2.03%
6/13/2022,"31,950.00","33,050.00","33,350.00","31,950.00",1.45M,-5.47%
6/14/2022,"32,300.00","31,900.00","32,800.00","31,100.00",1.18M,1.10%
6/15/2022,"32,000.00","32,000.00","32,500.00","31,000.00",1.37M,-0.93%
6/16/2022,"32,300.00","32,000.00","32,800.00","32,000.00",1.29M,0.94%
6/17/2022,"31,600.00","31,950.00","31,950.00","31,200.00",1.22M,-2.17%
6/20/2022,"29,500.00","31,700.00","31,800.00","29,500.00",972.60K,-6.65%
6/21/2022,"30,300.00","29,100.00","30,650.00","28,950.00",1.40M,2.71%
6/22/2022,"30,500.00","30,300.00","31,600.00","29,800.00",1.53M,0.66%
6/23/2022,"31,000.00","30,500.00","31,000.00","30,050.00",422.30K,1.64%
6/24/2022,"31,200.00","31,200.00","32,250.00","31,100.00",1.33M,0.65%
6/27/2022,"31,750.00","31,300.00","31,800.00","31,150.00",826.30K,1.76%
6/28/2022,"33,650.00","31,600.00","33,950.00","31,600.00",2.41M,5.98%
6/29/2022,"34,900.00","33,000.00","34,900.00","33,000.00",2.34M,3.71%
6/30/2022,"33,500.00","35,000.00","35,000.00","33,500.00",1.50M,-4.01%
7/1/2022,"35,050.00","32,900.00","35,700.00","32,100.00",3.52M,4.63%
7/4/2022,"35,050.00","35,500.00","35,750.00","34,900.00",1.83M,0.00%
7/5/2022,"36,300.00","35,050.00","37,500.00","35,000.00",4.93M,3.57%
7/6/2022,"35,600.00","35,800.00","36,900.00","35,500.00",2.73M,-1.93%
7/7/2022,"36,300.00","35,400.00","36,650.00","34,300.00",2.82M,1.97%
7/8/2022,"35,000.00","36,400.00","36,450.00","35,000.00",1.98M,-3.58%
7/11/2022,"34,500.00","34,900.00","35,150.00","33,000.00",2.06M,-1.43%
7/12/2022,"36,400.00","34,350.00","36,500.00","34,200.00",1.67M,5.51%
7/13/2022,"36,050.00","36,200.00","37,200.00","35,800.00",2.66M,-0.96%
7/14/2022,"36,150.00","35,800.00","36,900.00","35,750.00",1.50M,0.28%
7/15/2022,"35,800.00","36,100.00","36,750.00","35,800.00",1.39M,-0.97%
7/18/2022,"35,500.00","36,000.00","36,000.00","35,400.00",1.70M,-0.84%
7/19/2022,"35,650.00","35,500.00","35,850.00","35,000.00",976.90K,0.42%
7/20/2022,"36,400.00","36,200.00","36,900.00","35,950.00",1.59M,2.10%
7/21/2022,"36,500.00","36,200.00","36,850.00","36,200.00",1.52M,0.27%
7/22/2022,"35,500.00","36,900.00","36,900.00","35,500.00",1.25M,-2.74%
7/25/2022,"35,400.00","35,500.00","35,900.00","34,800.00",1.20M,-0.28%
7/26/2022,"35,550.00","35,800.00","36,000.00","35,500.00",885.80K,0.42%
7/27/2022,"35,550.00","35,550.00","35,650.00","35,000.00",725.20K,0.00%
7/28/2022,"36,500.00","36,000.00","36,850.00","35,700.00",2.05M,2.67%
7/29/2022,"37,300.00","36,700.00","37,900.00","36,650.00",4.17M,2.19%
8/1/2022,"39,000.00","37,400.00","39,000.00","37,300.00",3.37M,4.56%
8/2/2022,"38,500.00","38,600.00","39,000.00","38,200.00",1.95M,-1.28%
8/3/2022,"39,300.00","37,950.00","39,300.00","37,900.00",2.15M,2.08%
8/4/2022,"39,300.00","39,300.00","39,650.00","38,500.00",2.42M,0.00%
8/5/2022,"39,000.00","39,200.00","39,200.00","38,500.00",1.03M,-0.76%
8/8/2022,"38,800.00","39,000.00","39,250.00","38,700.00",987.90K,-0.51%
8/9/2022,"38,650.00","38,800.00","39,200.00","38,600.00",1.57M,-0.39%
8/10/2022,"38,400.00","38,500.00","38,800.00","38,400.00",987.00K,-0.65%
8/11/2022,"38,300.00","39,000.00","39,300.00","38,200.00",1.74M,-0.26%
8/12/2022,"39,200.00","38,300.00","39,200.00","38,150.00",1.64M,2.35%
8/15/2022,"41,000.00","39,300.00","41,150.00","39,300.00",3.77M,4.59%
8/16/2022,"40,500.00","40,950.00","41,100.00","40,500.00",981.40K,-1.22%
8/17/2022,"40,000.00","40,500.00","40,600.00","40,000.00",1.39M,-1.23%
8/18/2022,"39,600.00","39,700.00","40,100.00","39,600.00",1.48M,-1.00%
8/19/2022,"39,350.00","39,550.00","40,000.00","39,200.00",1.45M,-0.63%
8/22/2022,"38,450.00","39,350.00","39,350.00","38,350.00",1.76M,-2.29%
8/23/2022,"39,500.00","38,350.00","39,500.00","38,200.00",1.73M,2.73%
8/24/2022,"39,300.00","39,700.00","39,800.00","38,950.00",969.80K,-0.51%
8/25/2022,"39,300.00","39,000.00","39,500.00","38,950.00",1.27M,0.00%
8/26/2022,"39,400.00","39,300.00","40,150.00","39,300.00",2.01M,0.25%
8/29/2022,"39,000.00","38,600.00","39,300.00","38,150.00",1.35M,-1.02%
8/30/2022,"39,800.00","39,050.00","40,450.00","39,000.00",2.33M,2.05%
8/31/2022,"40,000.00","39,800.00","40,200.00","39,600.00",1.62M,0.50%
9/5/2022,"39,500.00","40,000.00","40,050.00","39,250.00",803.80K,-1.25%
9/6/2022,"40,050.00","39,500.00","40,550.00","39,450.00",1.78M,1.39%
9/7/2022,"37,800.00","39,900.00","39,900.00","37,800.00",3.01M,-5.62%
9/8/2022,"36,700.00","37,900.00","38,350.00","36,600.00",2.19M,-2.91%
9/9/2022,"37,000.00","36,700.00","37,100.00","36,150.00",1.11M,0.82%
9/12/2022,"36,900.00","37,000.00","37,500.00","36,800.00",937.80K,-0.27%
9/13/2022,"36,800.00","36,900.00","37,250.00","36,650.00",840.20K,-0.27%
9/14/2022,"36,500.00","36,000.00","36,500.00","35,950.00",933.10K,-0.82%
9/15/2022,"35,750.00","36,500.00","36,800.00","35,650.00",1.95M,-2.05%
9/16/2022,"35,500.00","36,000.00","36,200.00","35,500.00",974.90K,-0.70%
9/19/2022,"34,200.00","35,450.00","35,450.00","34,100.00",1.28M,-3.66%
9/20/2022,"35,150.00","34,300.00","35,250.00","34,300.00",1.12M,2.78%
9/21/2022,"34,750.00","34,800.00","35,100.00","34,750.00",495.40K,-1.14%
9/22/2022,"35,150.00","34,550.00","35,300.00","34,450.00",977.30K,1.15%
9/23/2022,"34,750.00","35,600.00","35,600.00","34,500.00",785.40K,-1.14%
9/26/2022,"33,400.00","34,100.00","34,250.00","32,400.00",2.02M,-3.88%
9/27/2022,"33,700.00","33,500.00","34,050.00","33,000.00",607.30K,0.90%
9/28/2022,"33,500.00","33,700.00","33,900.00","33,350.00",777.90K,-0.59%
9/29/2022,"33,500.00","34,000.00","34,100.00","33,450.00",1.00M,0.00%
9/30/2022,"33,900.00","32,800.00","33,900.00","32,300.00",1.82M,1.19%
10/3/2022,"31,550.00","33,100.00","33,600.00","31,550.00",1.57M,-6.93%
10/4/2022,"31,000.00","32,000.00","32,050.00","30,900.00",1.20M,-1.74%
10/5/2022,"31,800.00","31,800.00","32,000.00","31,300.00",516.10K,2.58%
10/6/2022,"31,000.00","31,950.00","31,950.00","31,000.00",915.80K,-2.52%
10/7/2022,"29,200.00","30,500.00","30,600.00","28,900.00",1.72M,-5.81%
10/10/2022,"30,000.00","28,150.00","30,450.00","28,000.00",1.00M,2.74%
10/11/2022,"28,500.00","30,000.00","30,000.00","28,500.00",907.90K,-5.00%
10/12/2022,"30,450.00","29,000.00","30,450.00","28,700.00",1.48M,6.84%
10/13/2022,"32,450.00","30,550.00","32,450.00","30,450.00",1.41M,6.57%
10/14/2022,"33,000.00","33,000.00","33,200.00","32,600.00",1.72M,1.69%
10/17/2022,"32,700.00","32,950.00","32,950.00","31,700.00",1.09M,-0.91%
10/18/2022,"32,800.00","33,000.00","33,450.00","32,700.00",882.40K,0.31%
10/19/2022,"33,000.00","32,800.00","33,500.00","32,400.00",753.30K,0.61%
10/20/2022,"33,150.00","32,600.00","34,000.00","32,500.00",1.48M,0.45%
10/21/2022,"32,600.00","33,150.00","33,150.00","32,100.00",1.66M,-1.66%
10/24/2022,"30,350.00","32,950.00","32,950.00","30,350.00",1.37M,-6.90%
10/25/2022,"31,300.00","30,000.00","32,450.00","29,300.00",1.46M,3.13%
10/26/2022,"31,700.00","31,500.00","32,500.00","31,300.00",684.00K,1.28%
10/27/2022,"33,900.00","31,800.00","33,900.00","31,800.00",2.03M,6.94%
10/28/2022,"33,800.00","34,300.00","34,950.00","33,800.00",2.11M,-0.29%
10/31/2022,"34,550.00","33,800.00","34,850.00","33,700.00",2.66M,2.22%
11/1/2022,"34,050.00","34,600.00","35,150.00","34,000.00",1.62M,-1.45%
11/2/2022,"33,700.00","34,050.00","34,350.00","33,550.00",1.33M,-1.03%
11/3/2022,"33,000.00","33,150.00","33,800.00","33,000.00",1.13M,-2.08%
11/4/2022,"33,300.00","33,000.00","33,650.00","31,550.00",2.38M,0.91%
11/7/2022,"33,300.00","32,800.00","34,100.00","32,800.00",1.58M,0.00%
11/8/2022,"34,900.00","33,000.00","35,000.00","33,000.00",3.08M,4.80%
11/9/2022,"36,150.00","35,100.00","36,800.00","35,050.00",4.50M,3.58%
11/10/2022,"34,700.00","35,950.00","35,950.00","33,650.00",2.50M,-4.01%
11/11/2022,"36,000.00","36,000.00","36,500.00","35,400.00",2.17M,3.75%
11/14/2022,"35,900.00","35,600.00","36,900.00","34,900.00",1.33M,-0.28%
11/15/2022,"33,400.00","35,000.00","35,750.00","33,400.00",1.89M,-6.96%
11/16/2022,"35,700.00","31,900.00","35,700.00","31,550.00",1.60M,6.89%
11/17/2022,"35,650.00","36,200.00","36,500.00","35,500.00",1.49M,-0.14%
11/18/2022,"35,950.00","35,650.00","36,050.00","34,000.00",1.38M,0.84%
11/21/2022,"35,500.00","36,500.00","36,500.00","35,500.00",1.29M,-1.25%
11/22/2022,"36,450.00","34,600.00","36,750.00","34,600.00",2.11M,2.68%
11/23/2022,"37,400.00","36,400.00","38,000.00","35,950.00",2.42M,2.61%
11/24/2022,"38,000.00","37,200.00","38,400.00","36,800.00",1.79M,1.60%
11/25/2022,"40,000.00","38,400.00","40,000.00","38,200.00",2.56M,5.26%
11/28/2022,"39,500.00","40,000.00","40,600.00","39,000.00",2.61M,-1.25%
11/29/2022,"41,000.00","39,500.00","41,000.00","38,850.00",2.55M,3.80%
11/30/2022,"41,100.00","41,000.00","42,300.00","39,500.00",2.05M,0.24%
12/1/2022,"39,000.00","41,100.00","41,500.00","39,000.00",1.94M,-5.11%
12/2/2022,"41,200.00","39,000.00","41,300.00","38,950.00",1.50M,5.64%
12/5/2022,"41,250.00","41,400.00","42,000.00","40,550.00",1.67M,0.12%
12/6/2022,"39,100.00","41,100.00","41,100.00","39,100.00",2.67M,-5.21%
12/7/2022,"39,000.00","39,500.00","39,500.00","38,500.00",1.80M,-0.26%
12/8/2022,"39,000.00","39,200.00","41,200.00","38,800.00",2.73M,0.00%
12/9/2022,"39,200.00","38,900.00","39,500.00","38,300.00",1.62M,0.51%
12/12/2022,"38,100.00","39,400.00","39,900.00","38,100.00",1.98M,-2.81%
12/13/2022,"38,700.00","38,050.00","39,500.00","38,050.00",1.71M,1.57%
12/14/2022,"38,800.00","39,700.00","39,700.00","38,800.00",659.40K,0.26%
12/15/2022,"39,000.00","38,600.00","39,850.00","38,600.00",1.46M,0.52%
12/16/2022,"38,900.00","38,650.00","39,500.00","38,650.00",1.00M,-0.26%
12/19/2022,"38,800.00","38,800.00","40,500.00","38,800.00",1.92M,-0.26%
12/20/2022,"38,500.00","38,800.00","39,000.00","37,500.00",1.65M,-0.77%
12/21/2022,"38,600.00","38,850.00","39,600.00","38,450.00",1.43M,0.26%
12/22/2022,"39,000.00","38,850.00","39,900.00","38,750.00",1.34M,1.04%
12/23/2022,"39,000.00","39,500.00","39,500.00","39,000.00",690.60K,0.00%
12/26/2022,"38,800.00","39,000.00","39,100.00","38,750.00",1.26M,-0.51%
12/27/2022,"40,000.00","38,800.00","40,000.00","38,700.00",1.50M,3.09%
12/28/2022,"41,900.00","40,100.00","42,400.00","39,600.00",3.69M,4.75%
12/29/2022,"40,000.00","42,000.00","42,100.00","40,000.00",1.27M,-4.53%
12/30/2022,"38,600.00","40,250.00","41,500.00","38,600.00",2.62M,-3.50%
1/3/2023,"41,200.00","39,300.00","41,200.00","39,050.00",1.73M,6.74%
1/4/2023,"40,800.00","41,200.00","42,200.00","40,400.00",2.07M,-0.97%
1/5/2023,"40,750.00","41,000.00","41,100.00","40,250.00",1.18M,-0.12%
1/6/2023,"41,650.00","40,750.00","42,450.00","40,600.00",3.40M,2.21%
1/9/2023,"41,000.00","42,200.00","42,200.00","40,850.00",1.33M,-1.56%
1/10/2023,"41,300.00","41,600.00","41,700.00","40,750.00",924.00K,0.73%
1/11/2023,"41,250.00","41,600.00","42,200.00","40,900.00",1.53M,-0.12%
1/12/2023,"41,450.00","41,350.00","41,950.00","41,000.00",708.20K,0.48%
1/13/2023,"41,800.00","41,600.00","42,200.00","41,600.00",1.63M,0.84%
1/16/2023,"44,700.00","42,000.00","44,700.00","41,950.00",4.74M,6.94%
1/17/2023,"44,950.00","45,000.00","45,300.00","44,600.00",1.50M,0.56%
1/18/2023,"45,100.00","44,900.00","45,550.00","44,800.00",1.83M,0.33%
1/19/2023,"45,950.00","45,100.00","46,300.00","44,950.00",1.66M,1.88%
1/27/2023,"44,550.00","46,500.00","46,600.00","44,500.00",1.73M,-3.05%
1/30/2023,"44,500.00","44,000.00","44,900.00","44,000.00",1.21M,-0.11%
1/31/2023,"45,100.00","44,250.00","45,100.00","43,550.00",1.64M,1.35%
2/1/2023,"42,800.00","45,350.00","45,500.00","42,600.00",2.51M,-5.10%
2/2/2023,"43,150.00","42,750.00","43,600.00","42,100.00",2.86M,0.82%
2/3/2023,"43,350.00","43,500.00","43,800.00","43,150.00",1.38M,0.46%
2/6/2023,"45,000.00","43,300.00","45,000.00","42,900.00",1.75M,3.81%
2/7/2023,"43,800.00","45,000.00","45,350.00","43,700.00",1.57M,-2.67%
2/8/2023,"44,500.00","43,900.00","45,250.00","43,900.00",1.80M,1.60%
2/9/2023,"44,000.00","44,500.00","45,000.00","44,000.00",1.18M,-1.12%
2/10/2023,"42,950.00","44,400.00","44,550.00","42,950.00",1.40M,-2.39%
2/13/2023,"44,400.00","42,950.00","44,400.00","42,950.00",1.59M,3.38%
2/14/2023,"43,400.00","44,500.00","44,500.00","43,300.00",1.33M,-2.25%
2/15/2023,"44,000.00","43,150.00","44,450.00","43,150.00",604.60K,1.38%
2/16/2023,"45,000.00","44,700.00","45,000.00","44,000.00",1.07M,2.27%
2/17/2023,"45,800.00","45,000.00","45,800.00","44,950.00",1.49M,1.78%
2/20/2023,"47,200.00","45,800.00","47,350.00","45,800.00",1.51M,3.06%
2/21/2023,"46,250.00","47,200.00","47,300.00","46,250.00",996.60K,-2.01%
2/22/2023,"45,000.00","45,850.00","46,000.00","45,000.00",994.10K,-2.70%
2/23/2023,"45,550.00","44,950.00","45,550.00","43,700.00",1.28M,1.22%
2/24/2023,"44,600.00","45,050.00","45,550.00","44,400.00",497.90K,-2.09%
2/27/2023,"44,250.00","44,500.00","44,500.00","43,600.00",939.20K,-0.78%
2/28/2023,"44,100.00","44,250.00","44,600.00","44,050.00",257.60K,-0.34%
3/1/2023,"45,650.00","44,000.00","45,650.00","43,800.00",740.90K,3.51%
3/2/2023,"46,400.00","45,650.00","46,500.00","45,400.00",976.20K,1.64%
3/3/2023,"45,900.00","46,400.00","46,500.00","45,250.00",735.40K,-1.08%
3/6/2023,"45,800.00","45,900.00","47,000.00","45,300.00",864.90K,-0.22%
3/7/2023,"46,900.00","45,500.00","47,100.00","45,500.00",1.63M,2.40%
3/8/2023,"48,000.00","46,400.00","48,000.00","45,900.00",1.23M,2.35%
3/9/2023,"47,650.00","48,000.00","48,000.00","47,050.00",1.17M,-0.73%
3/10/2023,"47,150.00","47,450.00","47,450.00","46,950.00",862.20K,-1.05%
3/13/2023,"46,250.00","46,600.00","46,900.00","46,250.00",933.70K,-1.91%
3/14/2023,"45,050.00","46,100.00","46,350.00","44,750.00",1.44M,-2.59%
3/15/2023,"46,800.00","46,000.00","47,400.00","45,450.00",628.40K,3.88%
3/16/2023,"46,250.00","46,050.00","46,900.00","46,050.00",875.70K,-1.18%
3/17/2023,"46,300.00","47,000.00","47,000.00","46,000.00",310.70K,0.11%
3/20/2023,"45,350.00","46,000.00","46,000.00","45,000.00",585.80K,-2.05%
3/21/2023,"45,350.00","45,400.00","45,750.00","44,800.00",741.60K,0.00%
3/22/2023,"46,100.00","45,750.00","46,200.00","45,450.00",560.80K,1.65%
3/23/2023,"45,900.00","45,300.00","46,000.00","45,300.00",414.90K,-0.43%
3/24/2023,"45,550.00","45,900.00","46,300.00","45,500.00",364.60K,-0.76%
3/27/2023,"46,000.00","45,550.00","46,150.00","45,000.00",672.20K,0.99%
3/28/2023,"46,000.00","46,500.00","46,800.00","46,000.00",504.00K,0.00%
3/29/2023,"46,200.00","46,000.00","46,350.00","45,550.00",303.10K,0.43%
3/30/2023,"46,200.00","46,250.00","46,600.00","46,200.00",699.70K,0.00%
3/31/2023,"46,200.00","46,200.00","47,000.00","46,050.00",643.70K,0.00%
4/3/2023,"45,900.00","46,650.00","46,800.00","45,800.00",1.26M,-0.65%
4/4/2023,"46,000.00","45,900.00","46,150.00","45,700.00",889.60K,0.22%
4/5/2023,"45,500.00","46,000.00","46,300.00","45,300.00",1.36M,-1.09%
4/6/2023,"46,000.00","45,500.00","46,500.00","45,300.00",1.51M,1.10%
4/7/2023,"45,650.00","45,750.00","46,000.00","45,500.00",731.90K,-0.76%
4/10/2023,"44,700.00","45,800.00","45,800.00","44,700.00",1.81M,-2.08%
4/11/2023,"44,400.00","44,450.00","44,650.00","44,150.00",1.23M,-0.67%
4/12/2023,"44,400.00","44,500.00","44,800.00","44,200.00",775.50K,0.00%
4/13/2023,"44,950.00","44,400.00","45,000.00","44,400.00",779.00K,1.24%
4/14/2023,"44,450.00","45,000.00","45,000.00","44,450.00",618.70K,-1.11%
4/17/2023,"45,000.00","44,450.00","45,100.00","44,400.00",716.60K,1.24%
4/18/2023,"44,600.00","44,800.00","45,000.00","44,300.00",639.70K,-0.89%
4/19/2023,"44,400.00","44,750.00","44,750.00","44,200.00",452.10K,-0.45%
4/20/2023,"44,600.00","44,350.00","44,600.00","44,150.00",256.90K,0.45%
4/21/2023,"44,200.00","44,600.00","44,600.00","44,200.00",354.50K,-0.90%
4/24/2023,"43,700.00","44,200.00","44,200.00","43,700.00",462.90K,-1.13%
4/25/2023,"43,550.00","43,600.00","43,900.00","43,150.00",539.20K,-0.34%
4/26/2023,"44,100.00","43,500.00","44,300.00","43,200.00",405.10K,1.26%
4/27/2023,"43,900.00","44,100.00","44,100.00","43,500.00",163.10K,-0.45%
4/28/2023,"43,500.00","43,950.00","44,100.00","43,500.00",414.60K,-0.91%
5/4/2023,"43,750.00","43,500.00","44,200.00","43,300.00",376.50K,0.57%
5/5/2023,"43,450.00","43,800.00","43,850.00","43,450.00",296.50K,-0.69%
5/8/2023,"44,700.00","43,550.00","45,500.00","43,550.00",1.13M,2.88%
5/9/2023,"45,100.00","44,700.00","45,350.00","44,700.00",650.90K,0.89%
5/10/2023,"45,000.00","45,300.00","45,300.00","44,500.00",595.00K,-0.22%
5/11/2023,"45,000.00","45,000.00","45,250.00","44,800.00",510.50K,0.00%
5/12/2023,"45,000.00","45,000.00","45,100.00","44,550.00",428.30K,0.00%
5/15/2023,"44,900.00","46,000.00","46,000.00","44,900.00",435.50K,-0.22%
5/16/2023,"45,000.00","45,100.00","45,100.00","44,750.00",429.20K,0.22%
5/17/2023,"44,800.00","45,000.00","45,100.00","44,800.00",865.90K,-0.44%
5/18/2023,"44,650.00","44,900.00","44,950.00","44,500.00",514.70K,-0.33%
5/19/2023,"44,400.00","44,600.00","44,950.00","44,300.00",603.20K,-0.56%
5/22/2023,"44,400.00","44,400.00","44,950.00","44,400.00",607.80K,0.00%
5/23/2023,"43,850.00","44,900.00","44,900.00","43,850.00",753.50K,-1.24%
5/24/2023,"43,500.00","44,000.00","44,000.00","43,500.00",767.10K,-0.80%
5/25/2023,"43,750.00","43,500.00","44,000.00","43,450.00",655.40K,0.57%
5/26/2023,"43,400.00","44,100.00","44,100.00","43,400.00",544.80K,-0.80%
5/29/2023,"43,900.00","43,950.00","43,950.00","43,400.00",668.10K,1.15%
5/30/2023,"43,800.00","44,000.00","44,000.00","43,600.00",800.80K,-0.23%
5/31/2023,"44,000.00","43,800.00","44,000.00","43,550.00",770.80K,0.46%
6/1/2023,"43,900.00","44,000.00","44,000.00","43,650.00",617.90K,-0.23%
6/2/2023,"44,700.00","44,000.00","44,900.00","44,000.00",1.20M,1.82%
6/5/2023,"44,700.00","44,900.00","45,350.00","44,700.00",959.10K,0.00%
6/6/2023,"44,800.00","45,000.00","45,000.00","44,300.00",846.10K,0.22%
6/7/2023,"44,350.00","44,800.00","44,900.00","44,350.00",967.70K,-1.00%
6/8/2023,"43,700.00","44,400.00","44,500.00","43,700.00",1.66M,-1.47%
6/9/2023,"43,450.00","43,800.00","44,050.00","43,100.00",1.29M,-0.57%
6/12/2023,"43,650.00","43,600.00","43,650.00","43,000.00",1.13M,0.46%
6/13/2023,"44,350.00","43,700.00","44,500.00","43,650.00",1.33M,1.60%
6/14/2023,"44,000.00","44,600.00","44,700.00","44,000.00",1.33M,-0.79%
6/15/2023,"43,850.00","43,900.00","44,200.00","43,700.00",823.40K,-0.34%
6/16/2023,"43,700.00","44,300.00","44,500.00","43,650.00",1.44M,-0.34%
